net1,stn1,net2,stn2,dist_km,technique,converged,best_delta_km_s,bad_quality_fraction,n_candidate_crossings,n_accepted_picks,freq_coverage_fraction,mean_amp_ratio,n_templates_converged,n_templates_scanned,matlab_coh_num,matlab_rel_l2_error,runtime_s,error
AF,SKRH,XV,AMPY,208.63791795185753,FastMspec,False,,0.9079754601226994,163,23,0.0,inf,0,33,1605.0,0.02010667413432961,207.3943853378296,
AF,SKRH,XV,AMPY,208.63791795185753,Mspec,True,0.30000000000000093,0.9343065693430657,137,136,0.4675324675324675,inf,13,33,,,723.139758348465,
AF,SKRH,XV,AMPY,208.63791795185753,MspecBestK,True,0.400000000000001,0.7309941520467836,171,230,0.27848101265822783,5.226122608745869,7,33,,,214.34542107582092,
AF,SKRH,XV,AMPY,208.63791795185753,single-taper,False,,0.7733727810650888,1690,0,0.0,,0,33,1605.0,2.350961238781268e-09,242.54803490638733,
AF,SKRH,XV,ANLA,753.0570984352158,FastMspec,False,,0.9156976744186046,344,25,0.0,2.28040737772279,0,33,1605.0,0.05214918316930965,271.53413224220276,
AF,SKRH,XV,ANLA,753.0570984352158,Mspec,False,,0.980544747081712,257,3,0.0,3.557591006215089,0,33,,,731.9453094005585,
AF,SKRH,XV,ANLA,753.0570984352158,MspecBestK,False,,0.931924882629108,426,12,0.0,1.7904732409559392,0,33,,,192.3912205696106,
AF,SKRH,XV,ANLA,753.0570984352158,single-taper,False,,0.623699683401176,2211,5,0.0,1.493155411768735,0,33,1605.0,3.4591114455501832e-09,517.8736727237701,
AF,SKRH,XV,ANTS,947.5732416175398,FastMspec,False,,0.9278350515463918,388,4,0.0,3.42372042874942,0,33,1605.0,0.05557324201979169,899.4247453212738,
AF,SKRH,XV,ANTS,947.5732416175398,Mspec,False,,0.9798657718120806,149,1,0.0,inf,0,33,,,2461.5333178043365,
AF,SKRH,XV,ANTS,947.5732416175398,MspecBestK,False,,0.9385964912280702,456,17,0.0,2.1226283715990344,0,33,,,886.4135227203369,
AF,SKRH,XV,ANTS,947.5732416175398,single-taper,False,,0.6755808855765015,2281,11,0.0,1.3831866029740096,0,33,1605.0,3.66427861730704e-09,691.8348851203918,
AF,SKRH,XV,BAEL,1013.653280762859,FastMspec,False,,0.9683698296836983,411,4,0.0,28.957511723042636,0,33,1605.0,0.05259380778308029,914.0933084487915,
AF,SKRH,XV,BAEL,1013.653280762859,Mspec,False,,0.9652777777777778,144,19,0.0,9.978718986985145,0,33,,,2071.0514743328094,
AF,SKRH,XV,BAEL,1013.653280762859,MspecBestK,False,,0.9773242630385488,441,4,0.0,30.185970612437394,0,33,,,929.5340394973755,
AF,SKRH,XV,BAEL,1013.653280762859,single-taper,False,,0.6678476527900797,2258,12,0.0,1.338209496289948,0,33,1605.0,3.238165335532127e-09,385.07726645469666,
AF,SKRH,XV,BAND,290.2947750643846,FastMspec,True,-0.2999999999999996,0.7881040892193308,269,285,0.3037974683544304,5.153341501066874,17,33,1605.0,0.03056129916330154,1078.1693785190582,
AF,SKRH,XV,BAND,290.2947750643846,Mspec,False,,0.9815950920245399,163,0,0.0,102.08837662861848,0,33,,,2011.8782722949982,
AF,SKRH,XV,BAND,290.2947750643846,MspecBestK,True,-0.34999999999999964,0.8067796610169492,295,288,0.3037974683544304,8.12836885286331,9,33,,,969.2855579853058,
AF,SKRH,XV,BAND,290.2947750643846,single-taper,False,,0.6803874092009685,2065,3,0.0,1.4933249819987677,0,33,1605.0,3.0670060814165378e-09,355.8173415660858,
AF,SKRH,XV,BANJ,1094.0439843430574,FastMspec,False,,0.9758454106280193,414,2,0.0,166.2332895517176,0,33,1545.0,0.03570774898012619,870.7720501422882,
AF,SKRH,XV,BANJ,1094.0439843430574,Mspec,False,,0.9945652173913043,184,0,0.0,14.87084238024547,0,33,,,2269.600275039673,
AF,SKRH,XV,BANJ,1094.0439843430574,MspecBestK,False,,0.9679802955665024,406,2,0.0,190.47666649249075,0,33,,,884.6090896129608,
AF,SKRH,XV,BANJ,1094.0439843430574,single-taper,False,,0.6528066528066528,2405,4,0.0,1.4853464773762346,0,33,1545.0,1.6145240596957382e-09,333.2213840484619,
AF,SKRH,XV,BARY,665.471477987395,FastMspec,False,,0.948849104859335,391,0,0.0,,0,33,1605.0,0.04568746507009998,856.9099252223969,
AF,SKRH,XV,BARY,665.471477987395,Mspec,False,,0.9960159362549801,251,0,0.0,,0,33,,,2068.0279774665833,
AF,SKRH,XV,BARY,665.471477987395,MspecBestK,False,,0.9453681710213777,421,0,0.0,,0,33,,,890.1404941082001,
AF,SKRH,XV,BARY,665.471477987395,single-taper,False,,0.6410256410256411,2184,4,0.0,2.151903292026667,0,33,1605.0,3.3647998368909808e-09,637.0862195491791,
AF,SKRH,XV,BATG,464.30083466296,FastMspec,True,0.7000000000000013,0.8163934426229508,305,330,0.25316455696202533,2.0812646501698264,2,33,1605.0,0.03746751277685743,417.04607486724854,
AF,SKRH,XV,BATG,464.30083466296,Mspec,False,,0.9696969696969697,132,18,0.0,2.4879617221165207,0,33,,,2144.9613213539124,
AF,SKRH,XV,BATG,464.30083466296,MspecBestK,True,0.7000000000000013,0.8419540229885057,348,314,0.25316455696202533,2.0056312174278603,2,33,,,929.7792897224426,
AF,SKRH,XV,BATG,464.30083466296,single-taper,False,,0.6587887740029542,2031,5,0.0,1.8313087006477975,0,33,1605.0,3.2789281984120037e-09,361.0290472507477,
AF,SKRH,XV,BERG,861.1539511205563,FastMspec,False,,0.9584487534626038,361,0,0.0,,0,33,1605.0,0.0471458647552525,800.8049511909485,
AF,SKRH,XV,BERG,861.1539511205563,Mspec,False,,0.9827586206896551,232,24,0.0,inf,0,33,,,635.3622291088104,
AF,SKRH,XV,BERG,861.1539511205563,MspecBestK,False,,0.9605568445475638,431,7,0.0,10.47905002306047,0,33,,,903.5871639251709,
AF,SKRH,XV,BERG,861.1539511205563,single-taper,False,,0.6314131413141314,2222,22,0.0,2.141080681274709,0,33,1605.0,4.532542811642443e-09,500.0595841407776,
AF,SKRH,XV,BITY,386.84472267014513,FastMspec,False,,0.9293286219081273,283,5,0.0,4.364583865918465,0,33,1605.0,0.03237142963639775,524.3096833229065,
AF,SKRH,XV,BITY,386.84472267014513,Mspec,False,,0.9689922480620154,129,13,0.0,2.5735509040841142,0,33,,,709.3911552429199,
AF,SKRH,XV,BITY,386.84472267014513,MspecBestK,False,,0.9413680781758957,307,14,0.0,59.43711945706972,0,33,,,881.2858748435974,
AF,SKRH,XV,BITY,386.84472267014513,single-taper,False,,0.6419573643410853,2064,7,0.0,1.3544520105045021,0,33,1605.0,2.909674820629357e-09,605.2706832885742,
AF,SKRH,XV,BKTA,178.5903515949665,FastMspec,True,-0.09999999999999942,0.7924528301886793,159,598,0.42857142857142855,6.308184112517697,19,33,1605.0,0.012785337662512455,625.3848834037781,
AF,SKRH,XV,BKTA,178.5903515949665,Mspec,True,0.350000000000001,0.7752808988764045,89,415,0.37681159420289856,6.40658167478217,7,33,,,779.8943037986755,
AF,SKRH,XV,BKTA,178.5903515949665,MspecBestK,True,0.1500000000000008,0.7607361963190185,163,538,0.42857142857142855,5.173527309298953,19,33,,,599.3038980960846,
AF,SKRH,XV,BKTA,178.5903515949665,single-taper,False,,0.7270375161707633,1546,0,0.0,1.1434646652976685,0,33,1605.0,1.8066368220620092e-09,253.92239499092102,
AF,SKRH,XV,CPSM,304.159738385648,FastMspec,False,,0.937037037037037,270,6,0.0,6.914705770327374,0,33,1605.0,0.023997009478270985,858.1744420528412,
AF,SKRH,XV,CPSM,304.159738385648,Mspec,False,,0.9765625,128,45,0.0,inf,0,33,,,2048.6546833515167,
AF,SKRH,XV,CPSM,304.159738385648,MspecBestK,False,,0.932258064516129,310,8,0.0,7.5524888974119655,0,33,,,834.9499287605286,
AF,SKRH,XV,CPSM,304.159738385648,single-taper,False,,0.7127872127872128,2002,2,0.0,1.4941068832071522,0,33,1605.0,2.582284020041233e-09,230.47493958473206,
AF,SKRH,XV,DGOS,1270.644657710099,FastMspec,False,,0.9673469387755103,490,10,0.0,1.337631581439482,0,33,1560.0,0.0413703507071227,212.18405985832214,
AF,SKRH,XV,DGOS,1270.644657710099,Mspec,False,,0.9559471365638766,227,8,0.0,1.8084937165284247,0,33,,,718.7018835544586,
AF,SKRH,XV,DGOS,1270.644657710099,MspecBestK,False,,0.9727272727272728,550,12,0.0,1.2495726425447395,0,33,,,184.05705881118774,
AF,SKRH,XV,DGOS,1270.644657710099,single-taper,False,,0.6871244635193133,2330,2,0.0,1.6202606948784735,0,33,1560.0,2.6430809410921323e-09,448.91618490219116,
AF,SKRH,XV,KIRI,306.92547259551765,FastMspec,False,,0.8718861209964412,281,12,0.0,55.2333578724331,0,33,1545.0,0.01331713745118265,165.9670388698578,
AF,SKRH,XV,KIRI,306.92547259551765,Mspec,False,,0.9517241379310345,145,7,0.0,inf,0,33,,,667.2637674808502,
AF,SKRH,XV,KIRI,306.92547259551765,MspecBestK,False,,0.8779661016949153,295,9,0.0,49.497107807714,0,33,,,193.6964144706726,
AF,SKRH,XV,KIRI,306.92547259551765,single-taper,False,,0.6694692590646348,1903,2,0.0,1.1206627939672575,0,33,1545.0,1.5809477365558053e-09,160.62615847587585,
AF,SKRH,XV,LAHA,1054.2384212290015,FastMspec,False,,0.9488636363636364,352,5,0.0,10.74919448640646,0,33,1605.0,0.05604635541219626,215.62433695793152,
AF,SKRH,XV,LAHA,1054.2384212290015,Mspec,False,,0.9936305732484076,157,0,0.0,,0,33,,,726.1957831382751,
AF,SKRH,XV,LAHA,1054.2384212290015,MspecBestK,False,,0.9547619047619048,420,17,0.0,1.4981422935688293,0,33,,,209.60743260383606,
AF,SKRH,XV,LAHA,1054.2384212290015,single-taper,False,,0.6481398476019722,2231,8,0.0,1.507894443182245,0,33,1605.0,3.355362846163841e-09,628.491485118866,
AF,SKRH,XV,LONA,44.86309424262123,FastMspec,True,-0.1999999999999995,0.7101449275362319,69,148,0.5555555555555556,2.8192994842668986,9,33,1605.0,0.006619383109692853,340.2385470867157,
AF,SKRH,XV,LONA,44.86309424262123,Mspec,True,-0.1999999999999995,0.30303030303030304,33,329,0.9056603773584906,3.4348724941262927,28,33,,,969.1029798984528,
AF,SKRH,XV,LONA,44.86309424262123,MspecBestK,True,-0.1999999999999995,0.7590361445783133,83,151,0.5555555555555556,2.88175302266981,9,33,,,269.8151559829712,
AF,SKRH,XV,LONA,44.86309424262123,single-taper,False,,0.8465562336530078,1147,0,0.0,,0,33,1605.0,9.737078005709718e-10,70.72217202186584,
AF,SKRH,XV,MAGY,588.3875752146723,FastMspec,False,,0.9323943661971831,355,19,0.0,1.4536525758500372,0,33,750.0,1.3686046600208012e-08,161.46091628074646,
AF,SKRH,XV,MAGY,588.3875752146723,Mspec,False,,0.9936305732484076,157,5,0.0,inf,0,33,,,316.0467245578766,
AF,SKRH,XV,MAGY,588.3875752146723,MspecBestK,False,,0.9416909620991254,343,22,0.0,1.4871276164821412,0,33,,,97.80116009712219,
AF,SKRH,XV,MAGY,588.3875752146723,single-taper,False,,0.6175243393602226,2157,12,0.0,1.361161897168672,0,33,750.0,3.213802329536199e-13,186.5716004371643,
AF,SKRH,XV,MAHA,305.0638442912704,FastMspec,False,,0.9399293286219081,283,21,0.0,14.455643963575465,0,33,1605.0,0.03459098991418837,213.09767150878906,
AF,SKRH,XV,MAHA,305.0638442912704,Mspec,False,,0.9591836734693877,147,35,0.0,3.2478196971927136,0,33,,,706.1872134208679,
AF,SKRH,XV,MAHA,305.0638442912704,MspecBestK,False,,0.9387755102040817,343,38,0.0,18.404458022364935,0,33,,,192.98276662826538,
AF,SKRH,XV,MAHA,305.0638442912704,single-taper,False,,0.6339962121212122,2112,2,0.0,1.3994434954164754,0,33,1605.0,3.124763476702402e-09,576.5074617862701,
AF,SKRH,XV,MAJA,808.6322328708168,FastMspec,False,,0.9425587467362925,383,18,0.0,1.4250106576011485,0,33,1605.0,0.04901459807997066,200.24982285499573,
AF,SKRH,XV,MAJA,808.6322328708168,Mspec,False,,0.9785714285714285,140,9,0.0,inf,0,33,,,676.67187333107,
AF,SKRH,XV,MAJA,808.6322328708168,MspecBestK,False,,0.9518072289156626,415,2,0.0,2.726086765433539,0,33,,,201.91827011108398,
AF,SKRH,XV,MAJA,808.6322328708168,single-taper,False,,0.6994914470642626,2163,21,0.0,1.3363054646889125,0,33,1605.0,3.0115384006369825e-09,583.6009826660156,
AF,SKRH,XV,MKVA,1117.413383068676,FastMspec,False,,0.9640287769784173,417,3,0.0,inf,0,33,1605.0,0.05482398712637398,734.6863553524017,
AF,SKRH,XV,MKVA,1117.413383068676,Mspec,False,,0.9923664122137404,131,0,0.0,148.55912388307513,0,33,,,2060.0202283859253,
AF,SKRH,XV,MKVA,1117.413383068676,MspecBestK,False,,0.9651416122004357,459,4,0.0,inf,0,33,,,888.5192279815674,
AF,SKRH,XV,MKVA,1117.413383068676,single-taper,False,,0.6879853814527181,2189,13,0.0,1.1519213779899589,0,33,1605.0,3.9712024659790165e-09,452.17898750305176,
AF,SKRH,XV,MMBE,184.23739383282037,FastMspec,False,,0.8835125448028673,558,16,0.0,2.3166617007944925,0,33,1605.0,0.10840272506564053,225.03648495674133,
AF,SKRH,XV,MMBE,184.23739383282037,Mspec,False,,0.9959183673469387,245,0,0.0,,0,33,,,696.1271586418152,
AF,SKRH,XV,MMBE,184.23739383282037,MspecBestK,False,,0.9066874027993779,643,7,0.0,1.8888360240834847,0,33,,,185.94654893875122,
AF,SKRH,XV,MMBE,184.23739383282037,single-taper,False,,0.5874294923448832,2482,6,0.0,1.3567245507561885,0,33,1605.0,1.7118389549977097e-09,1019.1479907035828,
AF,SKRH,XV,SOLA,885.2372150842461,FastMspec,False,,0.9829683698296837,411,27,0.0,2.2249555287360168,0,33,,,62.020549058914185,
AF,SKRH,XV,SOLA,885.2372150842461,Mspec,False,,0.9713114754098361,244,15,0.0,2.2861512300272087,0,33,,,59.82477807998657,
AF,SKRH,XV,SOLA,885.2372150842461,MspecBestK,False,,0.800935203740815,1497,6,0.0,1.5206020169130197,0,33,,,451.6063804626465,
AF,SKRH,XV,SOLA,885.2372150842461,single-taper,False,,0.5631105900742478,2559,5,0.0,2.008701395998965,0,33,,,496.5750889778137,
AF,SKRH,XV,TANS,524.068298761694,FastMspec,False,,0.9491094147582697,393,47,0.0,1.8687057449449818,0,33,855.0,0.030010217473810927,234.47480130195618,
AF,SKRH,XV,TANS,524.068298761694,Mspec,False,,0.9945652173913043,184,0,0.0,51.32117887128573,0,33,,,386.7301273345947,
AF,SKRH,XV,TANS,524.068298761694,MspecBestK,False,,0.9358024691358025,405,49,0.0,1.8824884592232531,0,33,,,249.22315764427185,
AF,SKRH,XV,TANS,524.068298761694,single-taper,False,,0.623220640569395,2248,20,0.0,1.6044356337584897,0,33,855.0,2.388698509824195e-09,436.74837827682495,
AF,SKRH,XV,VINA,519.5952770293346,FastMspec,False,,0.935933147632312,359,5,0.0,6.9095431961298885,0,33,1605.0,0.040844382912349445,908.4908139705658,
AF,SKRH,XV,VINA,519.5952770293346,Mspec,False,,0.994475138121547,181,0,0.0,,0,33,,,1929.6228637695312,
AF,SKRH,XV,VINA,519.5952770293346,MspecBestK,False,,0.9322033898305084,413,0,0.0,,0,33,,,907.2005290985107,
AF,SKRH,XV,VINA,519.5952770293346,single-taper,False,,0.6305147058823529,2176,6,0.0,2.103384901046622,0,33,1605.0,2.944691190372784e-09,550.3823790550232,
AF,SKRH,XV,ZAKA,674.1726058865574,FastMspec,False,,0.9285714285714286,308,3,0.0,4.688565043492227,0,33,1605.0,0.0397562551558268,954.2056427001953,
AF,SKRH,XV,ZAKA,674.1726058865574,Mspec,False,,0.9680851063829787,188,32,0.0,7.178641589800843,0,33,,,2066.450500011444,
AF,SKRH,XV,ZAKA,674.1726058865574,MspecBestK,False,,0.9410112359550562,356,0,0.0,,0,33,,,860.3663363456726,
AF,SKRH,XV,ZAKA,674.1726058865574,single-taper,False,,0.6388367729831145,2132,12,0.0,1.7286439248065701,0,33,1605.0,3.188655687935818e-09,555.9233756065369,
AF,SKRH,XV,ZOBE,582.6802794059347,FastMspec,False,,0.9516616314199395,331,35,0.0,2.4580292055741837,0,33,1605.0,0.03790968236314667,556.2802927494049,
AF,SKRH,XV,ZOBE,582.6802794059347,Mspec,False,,0.9925925925925926,135,2,0.0,inf,0,33,,,712.9879384040833,
AF,SKRH,XV,ZOBE,582.6802794059347,MspecBestK,False,,0.968,375,28,0.0,inf,0,33,,,866.4337546825409,
AF,SKRH,XV,ZOBE,582.6802794059347,single-taper,False,,0.6672941176470588,2125,10,0.0,2.0279865445350875,0,33,1605.0,4.261260207877558e-09,417.12396001815796,
G,FOMA,XV,ANLA,848.1091985630035,FastMspec,False,,0.936734693877551,490,5,0.0,3.1404201217589867,0,33,,,63.787598848342896,
G,FOMA,XV,ANLA,848.1091985630035,Mspec,False,,0.9801324503311258,151,2,0.0,2.257916072664603,0,33,,,24.98565125465393,
G,FOMA,XV,ANLA,848.1091985630035,MspecBestK,False,,0.9526748971193416,486,7,0.0,2.6508626082174653,0,33,,,41.73280072212219,
G,FOMA,XV,ANLA,848.1091985630035,single-taper,False,,0.5518092105263158,2432,25,0.0,1.4745562818429148,0,33,,,848.5151152610779,
G,FOMA,XV,ANTS,1127.1475033500046,FastMspec,False,,0.9703389830508474,472,0,0.0,,0,33,,,57.42820119857788,
G,FOMA,XV,ANTS,1127.1475033500046,Mspec,False,,0.9942528735632183,174,21,0.0,inf,0,33,,,28.49130892753601,
G,FOMA,XV,ANTS,1127.1475033500046,MspecBestK,False,,0.9638297872340426,470,0,0.0,,0,33,,,117.95208692550659,
G,FOMA,XV,ANTS,1127.1475033500046,single-taper,False,,0.6098636728147554,2494,7,0.0,1.410573437273956,0,33,,,563.1045687198639,
G,FOMA,XV,DGOS,1433.4305574579778,FastMspec,False,,0.9668737060041408,483,4,0.0,3.8487051158827916,0,33,,,775.1683769226074,
G,FOMA,XV,DGOS,1433.4305574579778,Mspec,False,,0.9936305732484076,157,0,0.0,,0,33,,,1325.8306956291199,
G,FOMA,XV,DGOS,1433.4305574579778,MspecBestK,False,,0.968944099378882,483,5,0.0,2.782940440726356,0,33,,,795.7398495674133,
G,FOMA,XV,DGOS,1433.4305574579778,single-taper,False,,0.6391795730431142,2389,5,0.0,1.2308626851681876,0,33,,,1235.6003532409668,
G,FOMA,XV,KIRI,595.4369230196212,FastMspec,True,0.2500000000000009,0.6456140350877193,285,1414,0.4788732394366197,4.184760124366103,12,33,945.0,0.0017221590453098238,3269.8536756038666,
G,FOMA,XV,KIRI,595.4369230196212,Mspec,False,,0.9539473684210527,152,2,0.0,inf,0,33,,,1963.4125649929047,
G,FOMA,XV,KIRI,595.4369230196212,MspecBestK,True,0.7000000000000013,0.6081081081081081,296,1190,0.3924050632911392,3.2647823060813983,3,33,,,1288.5461494922638,
G,FOMA,XV,KIRI,595.4369230196212,single-taper,False,,0.6504576659038902,1748,18,0.0,1.6107073969153383,0,33,945.0,1.5584724878219173e-10,384.10802364349365,
G,FOMA,XV,LAHA,1168.789072072173,FastMspec,False,,0.9935622317596566,466,1,0.0,31.96118524823295,0,33,,,52.069114208221436,
G,FOMA,XV,LAHA,1168.789072072173,Mspec,False,,0.9951219512195122,205,1,0.0,11.157023148043402,0,33,,,24.681318283081055,
G,FOMA,XV,LAHA,1168.789072072173,MspecBestK,False,,0.9978448275862069,464,2,0.0,29.374831651747733,0,33,,,32.975637674331665,
G,FOMA,XV,LAHA,1168.789072072173,single-taper,False,,0.6045197740112994,2478,6,0.0,1.3176292393619604,0,33,,,722.968822479248,
G,FOMA,XV,LONA,364.1539494109544,FastMspec,False,,0.9270833333333334,384,13,0.0,1.6772580285314085,0,33,,,738.7334110736847,
G,FOMA,XV,LONA,364.1539494109544,Mspec,False,,0.9837837837837838,185,35,0.0,12.674329337606803,0,33,,,1300.6387076377869,
G,FOMA,XV,LONA,364.1539494109544,MspecBestK,False,,0.9388297872340425,376,2,0.0,1.4461554670931707,0,33,,,829.7250692844391,
G,FOMA,XV,LONA,364.1539494109544,single-taper,False,,0.5636064223960477,2429,4,0.0,2.3542096357489664,0,33,,,259.1369307041168,
G,FOMA,XV,MAHA,213.2131071920197,FastMspec,False,,0.918141592920354,452,13,0.0,2.0916342474909566,0,33,,,343.07919478416443,
G,FOMA,XV,MAHA,213.2131071920197,Mspec,False,,0.9928571428571429,140,0,0.0,,0,33,,,1304.0250449180603,
G,FOMA,XV,MAHA,213.2131071920197,MspecBestK,False,,0.9414414414414415,444,4,0.0,2.93407873785932,0,33,,,734.548253774643,
G,FOMA,XV,MAHA,213.2131071920197,single-taper,False,,0.5721816707218167,2466,5,0.0,1.9237662901945078,0,33,,,803.5697357654572,
G,FOMA,XV,MAJA,1029.421927583367,FastMspec,False,,0.9854771784232366,482,12,0.0,10.352943201727582,0,33,,,61.2733633518219,
G,FOMA,XV,MAJA,1029.421927583367,Mspec,False,,0.9852941176470589,204,9,0.0,1.2046172560858641,0,33,,,47.4683563709259,
G,FOMA,XV,MAJA,1029.421927583367,MspecBestK,False,,0.9851694915254238,472,13,0.0,10.431802691030176,0,33,,,76.38702487945557,
G,FOMA,XV,MAJA,1029.421927583367,single-taper,False,,0.5845070422535211,2414,15,0.0,1.3533276088233148,0,33,,,718.827887058258,
G,FOMA,XV,MARO,593.3160293589796,FastMspec,False,,0.9324618736383442,459,12,0.0,292.5323953132061,0,33,,,59.61403560638428,
G,FOMA,XV,MARO,593.3160293589796,Mspec,False,,0.975609756097561,205,0,0.0,inf,0,33,,,18.989596843719482,
G,FOMA,XV,MARO,593.3160293589796,MspecBestK,False,,0.9339019189765458,469,12,0.0,8.973867493079505,0,33,,,35.41516923904419,
G,FOMA,XV,MARO,593.3160293589796,single-taper,False,,0.574104912572856,2402,22,0.0,1.5657884959904151,0,33,,,746.7973821163177,
G,FOMA,XV,MMBE,513.935210961818,FastMspec,False,,0.9027431421446384,401,15,0.0,6.212251576099724,0,33,,,700.1367497444153,
G,FOMA,XV,MMBE,513.935210961818,Mspec,False,,0.9508928571428571,224,25,0.0,1.6065197929711876,0,33,,,1299.3202908039093,
G,FOMA,XV,MMBE,513.935210961818,MspecBestK,False,,0.9032258064516129,403,14,0.0,6.162508032394196,0,33,,,715.356981754303,
G,FOMA,XV,MMBE,513.935210961818,single-taper,False,,0.5789915966386555,2380,9,0.0,1.2248746723110697,0,33,,,494.97815990448,
G,FOMA,XV,VATO,660.6200204814663,FastMspec,False,,0.9439252336448598,535,17,0.0,2.2208575552900705,0,33,,,118.38525009155273,
G,FOMA,XV,VATO,660.6200204814663,Mspec,False,,0.995260663507109,211,4,0.0,44.61069913790378,0,33,,,17.326719760894775,
G,FOMA,XV,VATO,660.6200204814663,MspecBestK,False,,0.947069943289225,529,3,0.0,2.434851075233618,0,33,,,90.30966067314148,
G,FOMA,XV,VATO,660.6200204814663,single-taper,False,,0.5645756457564576,2439,19,0.0,1.714674554914991,0,33,,,507.9502172470093,
G,FOMA,XV,ZAKA,806.6069581777077,FastMspec,False,,0.9131652661064426,357,19,0.0,5.529868713291665,0,33,,,781.0356774330139,
G,FOMA,XV,ZAKA,806.6069581777077,Mspec,False,,0.9936305732484076,157,1,0.0,inf,0,33,,,815.1771776676178,
G,FOMA,XV,ZAKA,806.6069581777077,MspecBestK,False,,0.9224318658280922,477,12,0.0,4.305947411563203,0,33,,,771.4256002902985,
G,FOMA,XV,ZAKA,806.6069581777077,single-taper,False,,0.6684420772303595,2253,25,0.0,1.3434273215910388,0,33,,,236.8720407485962,
XV,AMPY,XV,ANLA,918.6646365735318,FastMspec,False,,0.9335347432024169,331,6,0.0,7.250981905067518,0,33,4530.0,0.01820004063474681,451.9540202617645,
XV,AMPY,XV,ANLA,918.6646365735318,Mspec,False,,0.9541284403669725,218,6,0.0,1.7086857945975733,0,33,,,1907.732629776001,
XV,AMPY,XV,ANLA,918.6646365735318,MspecBestK,False,,0.9327217125382263,327,7,0.0,6.842857128765725,0,33,,,462.34460377693176,
XV,AMPY,XV,ANLA,918.6646365735318,single-taper,False,,0.723568281938326,1816,17,0.0,1.7942726416830763,0,33,4530.0,1.832322967324175e-11,480.531277179718,
XV,AMPY,XV,ANTS,1143.5500892615876,FastMspec,False,,0.9338422391857506,393,3,0.0,1.305773568552706,0,33,5610.0,0.004583918195800059,643.9076910018921,
XV,AMPY,XV,ANTS,1143.5500892615876,Mspec,False,,0.9926470588235294,136,2,0.0,8.569873844317051,0,33,,,2475.431421279907,
XV,AMPY,XV,ANTS,1143.5500892615876,MspecBestK,False,,0.9370277078085643,397,4,0.0,2.3681853527169947,0,33,,,470.47099232673645,
XV,AMPY,XV,ANTS,1143.5500892615876,single-taper,False,,0.7610333692142088,1858,17,0.0,1.2437413743823897,0,33,5610.0,6.655341804176783e-13,870.9257745742798,
XV,AMPY,XV,BAEL,1205.1414306801582,FastMspec,False,,0.9245810055865922,358,2,0.0,9.036449624255077,0,33,5640.0,0.014432445623068573,1449.1579122543335,
XV,AMPY,XV,BAEL,1205.1414306801582,Mspec,False,,0.994413407821229,179,2,0.0,1647.762597381659,0,33,,,2182.7781612873077,
XV,AMPY,XV,BAEL,1205.1414306801582,MspecBestK,False,,0.9338842975206612,363,2,0.0,8.827138787563317,0,33,,,1248.9192562103271,
XV,AMPY,XV,BAEL,1205.1414306801582,single-taper,False,,0.7948717948717948,1833,2,0.0,1.8647039799918907,0,33,5640.0,2.6589588190520604e-11,647.4884898662567,
XV,AMPY,XV,BAND,492.7085421539878,FastMspec,True,-0.14999999999999947,0.7706422018348624,218,492,0.31645569620253167,5.179960561697039,13,33,5730.0,0.0025706114687178024,1105.6562333106995,
XV,AMPY,XV,BAND,492.7085421539878,Mspec,False,,0.9642857142857143,112,42,0.0,6.274636614375898,0,33,,,2572.6329851150513,
XV,AMPY,XV,BAND,492.7085421539878,MspecBestK,False,,0.8853211009174312,218,0,0.0,,0,33,,,663.1215660572052,
XV,AMPY,XV,BAND,492.7085421539878,single-taper,False,,0.7667316439246263,1539,15,0.0,1.9104433431455592,0,33,5730.0,9.236543163049422e-13,335.31951928138733,
XV,AMPY,XV,BANJ,1289.8935840072404,FastMspec,False,,0.9838709677419355,434,8,0.0,17.865108722366514,0,33,3405.0,0.0002702984177130653,1108.8137085437775,
XV,AMPY,XV,BANJ,1289.8935840072404,Mspec,False,,0.9759615384615384,208,1,0.0,23.162073854879328,0,33,,,1394.0095000267029,
XV,AMPY,XV,BANJ,1289.8935840072404,MspecBestK,False,,0.9840182648401826,438,6,0.0,19.555368990151226,0,33,,,1048.3570866584778,
XV,AMPY,XV,BANJ,1289.8935840072404,single-taper,False,,0.7443502824858758,2124,8,0.0,1.221782517633901,0,33,3405.0,8.980925759986202e-13,516.9974961280823,
XV,AMPY,XV,BARY,864.324381906419,FastMspec,False,,0.9033457249070632,269,5,0.0,7.988832415409773,0,33,5670.0,0.002375135150482337,1200.1214003562927,
XV,AMPY,XV,BARY,864.324381906419,Mspec,False,,0.9924812030075187,133,0,0.0,,0,33,,,2533.3226351737976,
XV,AMPY,XV,BARY,864.324381906419,MspecBestK,False,,0.9040590405904059,271,4,0.0,7.883971723232972,0,33,,,1427.7944700717926,
XV,AMPY,XV,BARY,864.324381906419,single-taper,False,,0.7508513053348468,1762,2,0.0,2.0489004369683244,0,33,5670.0,3.050167774497231e-12,631.132040977478,
XV,AMPY,XV,BATG,664.582897407184,FastMspec,True,0.8000000000000014,0.7809187279151943,283,317,0.24324324324324326,2.0747739420526043,2,33,5430.0,0.00040476897129491446,640.7681283950806,
XV,AMPY,XV,BATG,664.582897407184,Mspec,False,,0.970873786407767,103,12,0.0,10.820136720947282,0,33,,,2357.196676492691,
XV,AMPY,XV,BATG,664.582897407184,MspecBestK,True,0.8000000000000014,0.7839721254355401,287,331,0.25675675675675674,2.0887137461066607,1,33,,,662.8820543289185,
XV,AMPY,XV,BATG,664.582897407184,single-taper,False,,0.7468493150684932,1825,2,0.0,1.6423396347575858,0,33,5430.0,4.994555015059028e-13,647.5797872543335,
XV,AMPY,XV,BERG,1058.0734844064693,FastMspec,False,,0.9156976744186046,344,13,0.0,4.750764331609543,0,33,5640.0,0.002349853634226826,770.1964166164398,
XV,AMPY,XV,BERG,1058.0734844064693,Mspec,False,,0.9926470588235294,136,2,0.0,60.59029334303465,0,33,,,2011.8264498710632,
XV,AMPY,XV,BERG,1058.0734844064693,MspecBestK,False,,0.9161849710982659,346,12,0.0,5.053228936416379,0,33,,,1342.9686868190765,
XV,AMPY,XV,BERG,1058.0734844064693,single-taper,False,,0.7521739130434782,1840,6,0.0,1.7398416903538216,0,33,5640.0,4.442705304546494e-13,234.33603167533875,
XV,AMPY,XV,BITY,565.9225712556657,FastMspec,True,0.5000000000000011,0.7587939698492462,199,666,0.379746835443038,inf,8,33,5715.0,0.0007702537503175191,857.1365103721619,
XV,AMPY,XV,BITY,565.9225712556657,Mspec,False,,0.9807692307692307,104,4,0.0,inf,0,33,,,2550.961308002472,
XV,AMPY,XV,BITY,565.9225712556657,MspecBestK,True,0.5000000000000011,0.7658536585365854,205,666,0.379746835443038,inf,8,33,,,1525.9236590862274,
XV,AMPY,XV,BITY,565.9225712556657,single-taper,False,,0.805693950177936,1405,6,0.0,1.7291830978436158,0,33,5715.0,7.85858072703732e-13,427.46774077415466,
XV,AMPY,XV,BKTA,110.4937157958484,FastMspec,True,0.400000000000001,0.7872340425531915,47,142,0.5571428571428572,inf,24,33,5730.0,8.470342881670311e-05,1347.5414168834686,
XV,AMPY,XV,BKTA,110.4937157958484,Mspec,True,0.30000000000000093,0.7741935483870968,31,151,0.3880597014925373,inf,18,33,,,2369.7392904758453,
XV,AMPY,XV,BKTA,110.4937157958484,MspecBestK,True,0.400000000000001,0.7777777777777778,45,142,0.5571428571428572,inf,24,33,,,1213.8297176361084,
XV,AMPY,XV,BKTA,110.4937157958484,single-taper,False,,0.8832116788321168,685,0,0.0,2.1400755889617535,0,33,5730.0,2.7237239538012873e-13,101.39850616455078,
XV,AMPY,XV,CPSM,101.2089122694608,FastMspec,True,0.400000000000001,0.8113207547169812,53,207,0.4444444444444444,inf,22,33,5730.0,0.00013080944448851608,595.757735490799,
XV,AMPY,XV,CPSM,101.2089122694608,Mspec,True,0.7500000000000013,0.4074074074074074,27,239,0.5333333333333333,inf,21,33,,,2408.5303661823273,
XV,AMPY,XV,CPSM,101.2089122694608,MspecBestK,True,0.400000000000001,0.803921568627451,51,207,0.4444444444444444,inf,22,33,,,549.4377884864807,
XV,AMPY,XV,CPSM,101.2089122694608,single-taper,False,,0.8614457831325302,664,0,0.0,5.2690584216141385,0,33,5730.0,1.0323660670264221e-13,310.45444655418396,
XV,AMPY,XV,DGOS,1464.0063253747915,FastMspec,False,,0.9389312977099237,393,7,0.0,2.7498007094186043,0,33,4425.0,0.0011153830191329762,480.05678510665894,
XV,AMPY,XV,DGOS,1464.0063253747915,Mspec,False,,0.981042654028436,211,3,0.0,2.810032914793565,0,33,,,1938.2298967838287,
XV,AMPY,XV,DGOS,1464.0063253747915,MspecBestK,False,,0.9373433583959899,399,14,0.0,5.7437973681857075,0,33,,,1233.4609699249268,
XV,AMPY,XV,DGOS,1464.0063253747915,single-taper,False,,0.7580321285140562,1992,2,0.0,2.1015538765813226,0,33,4425.0,4.731943217246546e-13,349.6978178024292,
XV,AMPY,XV,KIRI,515.5388033488988,FastMspec,False,,0.8763636363636363,275,0,0.0,,0,33,3390.0,0.0019901756726700484,341.0510838031769,
XV,AMPY,XV,KIRI,515.5388033488988,Mspec,False,,0.9541284403669725,109,0,0.0,,0,33,,,1531.7613854408264,
XV,AMPY,XV,KIRI,515.5388033488988,MspecBestK,False,,0.8736462093862816,277,0,0.0,,0,33,,,288.2446069717407,
XV,AMPY,XV,KIRI,515.5388033488988,single-taper,False,,0.7559487492373398,1639,5,0.0,1.6110359640937708,0,33,3390.0,9.532981664145827e-11,321.1125202178955,
XV,AMPY,XV,LAHA,1231.0753737272921,FastMspec,False,,0.9064171122994652,374,2,0.0,7.0749618537728,0,33,5730.0,0.0012274009656112485,1290.817584991455,
XV,AMPY,XV,LAHA,1231.0753737272921,Mspec,False,,0.9707317073170731,205,1,0.0,8.46208215179509,0,33,,,2561.129757165909,
XV,AMPY,XV,LAHA,1231.0753737272921,MspecBestK,False,,0.9108108108108108,370,2,0.0,7.382735064804779,0,33,,,1014.2131717205048,
XV,AMPY,XV,LAHA,1231.0753737272921,single-taper,False,,0.7395776935571197,1847,2,0.0,1.576134071023934,0,33,5730.0,6.394240289154595e-13,411.64317440986633,
XV,AMPY,XV,LONA,215.8663996653699,FastMspec,True,0.7000000000000013,0.5238095238095238,126,311,0.43037974683544306,16.74229312763727,24,33,5715.0,0.009664650190361543,977.6695122718811,
XV,AMPY,XV,LONA,215.8663996653699,Mspec,False,,0.9090909090909091,66,13,0.0,2.8587492854672716,0,33,,,2515.4771044254303,
XV,AMPY,XV,LONA,215.8663996653699,MspecBestK,True,0.7000000000000013,0.5158730158730159,126,311,0.43037974683544306,16.880665335578115,24,33,,,1562.4651935100555,
XV,AMPY,XV,LONA,215.8663996653699,single-taper,False,,0.8947368421052632,931,6,0.0,2.967866038313138,0,33,5715.0,7.640129153820099e-13,68.4573073387146,
XV,AMPY,XV,MAGY,740.928641063444,FastMspec,False,,0.9296636085626911,327,14,0.0,6.802140979683092,0,33,1815.0,0.00016708769687867817,580.0212936401367,
XV,AMPY,XV,MAGY,740.928641063444,Mspec,False,,0.9807692307692307,156,3,0.0,1438.9194984752835,0,33,,,2207.296985387802,
XV,AMPY,XV,MAGY,740.928641063444,MspecBestK,False,,0.9278996865203761,319,13,0.0,6.811602123356455,0,33,,,869.8412561416626,
XV,AMPY,XV,MAGY,740.928641063444,single-taper,False,,0.67830566685747,1747,5,0.0,1.9362467250244404,0,33,1815.0,3.759021037054472e-13,426.2904953956604,
XV,AMPY,XV,MAHA,344.4784922809007,FastMspec,False,,0.9585798816568047,169,20,0.0,1.1683934471144601,0,33,5595.0,0.0003375861774832274,1119.3492307662964,
XV,AMPY,XV,MAHA,344.4784922809007,Mspec,False,,0.9910714285714286,112,0,0.0,,0,33,,,2089.480140209198,
XV,AMPY,XV,MAHA,344.4784922809007,MspecBestK,False,,0.9580838323353293,167,21,0.0,1.143705098098768,0,33,,,1165.747900724411,
XV,AMPY,XV,MAHA,344.4784922809007,single-taper,False,,0.800794176042356,1511,13,0.0,1.3219531920591245,0,33,5595.0,8.904555487886888e-13,381.7952787876129,
XV,AMPY,XV,MAJA,1012.8202054808754,FastMspec,False,,0.9446153846153846,325,8,0.0,4.255550586926831,0,33,5655.0,0.002057309512039897,726.1564118862152,
XV,AMPY,XV,MAJA,1012.8202054808754,Mspec,False,,0.9785714285714285,140,0,0.0,22.139825321296023,0,33,,,2428.2578539848328,
XV,AMPY,XV,MAJA,1012.8202054808754,MspecBestK,False,,0.9452887537993921,329,13,0.0,4.166160640728667,0,33,,,540.9030170440674,
XV,AMPY,XV,MAJA,1012.8202054808754,single-taper,False,,0.7518371961560204,1769,4,0.0,1.9439037051582078,0,33,5655.0,1.0713677225885556e-10,372.9037034511566,
XV,AMPY,XV,MKVA,1300.0680548994055,FastMspec,False,,0.9258312020460358,391,4,0.0,135.04942648611632,0,33,5610.0,0.0016420855947546162,1328.7539463043213,
XV,AMPY,XV,MKVA,1300.0680548994055,Mspec,False,,0.9939759036144579,166,2,0.0,13.310645910586375,0,33,,,2487.081042766571,
XV,AMPY,XV,MKVA,1300.0680548994055,MspecBestK,False,,0.9302325581395349,387,4,0.0,inf,0,33,,,1187.1352338790894,
XV,AMPY,XV,MKVA,1300.0680548994055,single-taper,False,,0.7768685215493726,1833,7,0.0,1.1282705858659594,0,33,5610.0,4.924201520700364e-13,500.0052282810211,
XV,AMPY,XV,MMBE,357.02573536903856,FastMspec,False,,0.9073569482288828,367,41,0.0,5.474397281051331,0,33,5670.0,0.005018291181750544,1331.1043438911438,
XV,AMPY,XV,MMBE,357.02573536903856,Mspec,False,,0.9900990099009901,202,0,0.0,1.0970525467380965,0,33,,,2471.0146775245667,
XV,AMPY,XV,MMBE,357.02573536903856,MspecBestK,False,,0.9137466307277629,371,41,0.0,5.4445676356828,0,33,,,873.6081447601318,
XV,AMPY,XV,MMBE,357.02573536903856,single-taper,False,,0.6522687609075044,2292,8,0.0,1.3712111831744558,0,33,5670.0,7.854617781559188e-12,355.2135486602783,
XV,AMPY,XV,SOLA,1070.962535699454,FastMspec,False,,0.9617346938775511,392,0,0.0,22.763039900138075,0,33,1575.0,0.0008913556818332752,230.35512113571167,
XV,AMPY,XV,SOLA,1070.962535699454,Mspec,False,,0.9894179894179894,189,11,0.0,15.212772236053054,0,33,,,711.8233637809753,
XV,AMPY,XV,SOLA,1070.962535699454,MspecBestK,False,,0.9651741293532339,402,0,0.0,22.416415624597278,0,33,,,158.73330450057983,
XV,AMPY,XV,SOLA,1070.962535699454,single-taper,False,,0.7230843840931135,2062,15,0.0,1.3321884981833112,0,33,1575.0,9.400661429189053e-13,528.5242354869843,
XV,AMPY,XV,TANS,705.5369871201636,FastMspec,False,,0.9250814332247557,307,36,0.0,1.8265516519829346,0,33,3255.0,0.006733722346083654,420.1181523799896,
XV,AMPY,XV,TANS,705.5369871201636,Mspec,False,,0.9918032786885246,122,10,0.0,inf,0,33,,,1434.236310005188,
XV,AMPY,XV,TANS,705.5369871201636,MspecBestK,False,,0.9169329073482428,313,38,0.0,1.8333395850853889,0,33,,,345.14624309539795,
XV,AMPY,XV,TANS,705.5369871201636,single-taper,False,,0.7095477386934673,1990,3,0.0,1.8546119551796512,0,33,3255.0,3.141813562771364e-10,467.1440486907959,
XV,AMPY,XV,VINA,727.4061396131984,FastMspec,False,,0.9352750809061489,309,2,0.0,44.02377968960026,0,33,5415.0,0.001777157318523734,1110.9409062862396,
XV,AMPY,XV,VINA,727.4061396131984,Mspec,False,,0.9583333333333334,168,14,0.0,1.1775479688049362,0,33,,,2402.110146999359,
XV,AMPY,XV,VINA,727.4061396131984,MspecBestK,False,,0.9373040752351097,319,2,0.0,44.35585589164711,0,33,,,1264.2780430316925,
XV,AMPY,XV,VINA,727.4061396131984,single-taper,False,,0.7825567502986858,1674,25,0.0,1.293902045732348,0,33,5415.0,1.455600480220355e-12,417.313866853714,
XV,AMPY,XV,ZAKA,852.2359760486754,FastMspec,False,,0.9423728813559322,295,3,0.0,19.262950405299105,0,33,4425.0,0.003981139786758685,1149.2198085784912,
XV,AMPY,XV,ZAKA,852.2359760486754,Mspec,False,,0.9868421052631579,152,0,0.0,,0,33,,,1813.84863615036,
XV,AMPY,XV,ZAKA,852.2359760486754,MspecBestK,False,,0.9449838187702265,309,2,0.0,16.68525194242885,0,33,,,1118.2500114440918,
XV,AMPY,XV,ZAKA,852.2359760486754,single-taper,False,,0.7391304347826086,1771,5,0.0,2.075574720875193,0,33,4425.0,3.0467385672942094e-10,361.4638590812683,
XV,AMPY,XV,ZOBE,774.0784290709502,FastMspec,False,,0.8945454545454545,275,0,0.0,,0,33,5700.0,0.0023394866985236326,691.6143095493317,
XV,AMPY,XV,ZOBE,774.0784290709502,Mspec,False,,0.9846153846153847,130,11,0.0,7.309140887625332,0,33,,,2515.261350631714,
XV,AMPY,XV,ZOBE,774.0784290709502,MspecBestK,False,,0.9097472924187726,277,0,0.0,,0,33,,,527.7434005737305,
XV,AMPY,XV,ZOBE,774.0784290709502,single-taper,False,,0.7486880466472303,1715,26,0.0,1.3153204186095213,0,33,5700.0,6.507543377018009e-11,830.3285088539124,
XV,ANLA,XV,ANTS,350.3612385044271,FastMspec,False,,0.9263803680981595,163,10,0.0,inf,0,33,9375.0,0.002012025741942585,1731.612533569336,
XV,ANLA,XV,ANTS,350.3612385044271,Mspec,False,,0.9897959183673469,98,0,0.0,,0,33,,,3509.226613998413,
XV,ANLA,XV,ANTS,350.3612385044271,MspecBestK,False,,0.9245283018867925,159,10,0.0,inf,0,33,,,1476.6719334125519,
XV,ANLA,XV,ANTS,350.3612385044271,single-taper,False,,0.7654516640253566,1262,16,0.0,1.646199072756042,0,33,9375.0,5.1964065073027685e-12,279.5755696296692,
XV,ANLA,XV,BAEL,360.2441188250598,FastMspec,False,,0.8758169934640523,153,2,0.0,2.0833627470317144,0,33,4590.0,0.0032326236308702645,487.731068611145,
XV,ANLA,XV,BAEL,360.2441188250598,Mspec,False,,0.9911504424778761,113,5,0.0,inf,0,33,,,1965.48925447464,
XV,ANLA,XV,BAEL,360.2441188250598,MspecBestK,False,,0.8726114649681529,157,2,0.0,1.8847491101530107,0,33,,,386.9353275299072,
XV,ANLA,XV,BAEL,360.2441188250598,single-taper,False,,0.8210526315789474,1425,2,0.0,1.3149852651106628,0,33,4590.0,1.4355475983999159e-11,352.4756200313568,
XV,ANLA,XV,BAND,500.8523540991903,FastMspec,False,,0.9395161290322581,248,97,0.0,inf,0,33,4680.0,0.02625544887414572,1237.5999455451965,
XV,ANLA,XV,BAND,500.8523540991903,Mspec,False,,0.9935064935064936,154,0,0.0,,0,33,,,1804.8048686981201,
XV,ANLA,XV,BAND,500.8523540991903,MspecBestK,False,,0.9426229508196722,244,0,0.0,,0,33,,,1184.178652048111,
XV,ANLA,XV,BAND,500.8523540991903,single-taper,False,,0.718978102189781,1918,3,0.0,2.783115281418308,0,33,4680.0,2.0547363597728652e-11,377.83564853668213,
XV,ANLA,XV,BANJ,464.5086029887382,FastMspec,False,,0.92578125,256,2,0.0,9.005636031659382,0,33,3480.0,4.693075653036363e-05,416.30611848831177,
XV,ANLA,XV,BANJ,464.5086029887382,Mspec,False,,0.9166666666666666,132,24,0.0,2.728693993536617,0,33,,,1569.2894566059113,
XV,ANLA,XV,BANJ,464.5086029887382,MspecBestK,False,,0.9227642276422764,246,75,0.0,4.479323684057744,0,33,,,370.8788859844208,
XV,ANLA,XV,BANJ,464.5086029887382,single-taper,False,,0.7056478405315615,1505,5,0.0,1.668060005125929,0,33,3480.0,1.1051090855964268e-12,543.8766531944275,
XV,ANLA,XV,BARY,282.13066736496006,FastMspec,False,,0.9316239316239316,234,2,0.0,1.4548352458830696,0,33,4680.0,0.03168125409337706,670.0240573883057,
XV,ANLA,XV,BARY,282.13066736496006,Mspec,False,,0.8857142857142857,70,15,0.0,2.6703610719417754,0,33,,,2033.560275554657,
XV,ANLA,XV,BARY,282.13066736496006,MspecBestK,False,,0.9180327868852459,244,4,0.0,1.466251804482526,0,33,,,445.7350330352783,
XV,ANLA,XV,BARY,282.13066736496006,single-taper,False,,0.7236180904522613,1791,5,0.0,1.2713272915782579,0,33,4680.0,1.9158486495076224e-11,753.6853528022766,
XV,ANLA,XV,BATG,369.2919168590336,FastMspec,False,,0.9349593495934959,246,0,0.0,,0,33,4455.0,0.05590729573782693,527.3604481220245,
XV,ANLA,XV,BATG,369.2919168590336,Mspec,False,,0.9833333333333333,120,3,0.0,1.1424917240790335,0,33,,,1911.4403004646301,
XV,ANLA,XV,BATG,369.2919168590336,MspecBestK,False,,0.9336099585062241,241,0,0.0,,0,33,,,452.4042775630951,
XV,ANLA,XV,BATG,369.2919168590336,single-taper,False,,0.6841547429782724,1887,2,0.0,1.7818712760252517,0,33,4455.0,2.1309695723498415e-11,713.945378780365,
XV,ANLA,XV,BERG,306.58030652629424,FastMspec,False,,0.9693251533742331,163,5,0.0,2.3598340357176273,0,33,4650.0,0.002723013456975238,1291.8769731521606,
XV,ANLA,XV,BERG,306.58030652629424,Mspec,False,,0.9878048780487805,82,0,0.0,,0,33,,,2026.6269745826721,
XV,ANLA,XV,BERG,306.58030652629424,MspecBestK,False,,0.9710982658959537,173,5,0.0,2.3412352487966848,0,33,,,1235.4831812381744,
XV,ANLA,XV,BERG,306.58030652629424,single-taper,False,,0.7703081232492998,1428,16,0.0,1.4012823452126786,0,33,4650.0,1.2842271747387423e-11,473.6272494792938,
XV,ANLA,XV,BITY,368.11851356714607,FastMspec,False,,0.9148936170212766,188,13,0.0,1.2605161487601666,0,33,4695.0,0.012194809765925196,1081.6778435707092,
XV,ANLA,XV,BITY,368.11851356714607,Mspec,False,,0.9398496240601504,133,6,0.0,2.895795900699572,0,33,,,2082.3148641586304,
XV,ANLA,XV,BITY,368.11851356714607,MspecBestK,False,,0.898876404494382,178,13,0.0,2.155783267451025,0,33,,,1193.2015414237976,
XV,ANLA,XV,BITY,368.11851356714607,single-taper,False,,0.7888332140300645,1397,5,0.0,1.6553182247704574,0,33,4695.0,1.5066182571895094e-11,741.0474772453308,
XV,ANLA,XV,BKTA,820.3369530447054,FastMspec,False,,0.9201277955271565,313,2,0.0,3.581644628436072,0,33,4590.0,0.015030736416038677,1206.8353428840637,
XV,ANLA,XV,BKTA,820.3369530447054,Mspec,False,,0.9942196531791907,173,16,0.0,inf,0,33,,,1881.0020833015442,
XV,ANLA,XV,BKTA,820.3369530447054,MspecBestK,False,,0.9148264984227129,317,5,0.0,1.3734775563954702,0,33,,,1129.5627617835999,
XV,ANLA,XV,BKTA,820.3369530447054,single-taper,False,,0.7226890756302521,1785,36,0.0,1.395968760234926,0,33,4590.0,2.1726377732516352e-11,758.2405459880829,
XV,ANLA,XV,CPSM,977.7453430244848,FastMspec,False,,0.9096573208722741,321,0,0.0,46.131980049896576,0,33,4560.0,0.01440268821946086,1263.4088191986084,
XV,ANLA,XV,CPSM,977.7453430244848,Mspec,False,,0.9900497512437811,201,1,0.0,1.1983626278173654,0,33,,,2059.395839214325,
XV,ANLA,XV,CPSM,977.7453430244848,MspecBestK,False,,0.92,325,0,0.0,46.75903958337727,0,33,,,1024.78564620018,
XV,ANLA,XV,CPSM,977.7453430244848,single-taper,False,,0.7565824825362708,1861,5,0.0,1.9324170183993392,0,33,4560.0,1.9753909103686364e-11,384.7012565135956,
XV,ANLA,XV,DGOS,603.1820746562453,FastMspec,False,,0.8980392156862745,255,4,0.0,1.837984537784441,0,33,8190.0,0.002259082799982782,863.4341361522675,
XV,ANLA,XV,DGOS,603.1820746562453,Mspec,False,,0.990990990990991,111,18,0.0,inf,0,33,,,3491.501564979553,
XV,ANLA,XV,DGOS,603.1820746562453,MspecBestK,False,,0.9003831417624522,261,2,0.0,6.328150837298586,0,33,,,780.9705762863159,
XV,ANLA,XV,DGOS,603.1820746562453,single-taper,False,,0.7616580310880829,1351,4,0.0,1.526971700882748,0,33,8190.0,9.213658116598898e-13,305.0695061683655,
XV,ANLA,XV,KIRI,569.1643581670085,FastMspec,False,,0.9148936170212766,235,8,0.0,2.4912176086658917,0,33,4740.0,0.0019314385154584016,591.0253157615662,
XV,ANLA,XV,KIRI,569.1643581670085,Mspec,False,,0.9887640449438202,89,7,0.0,50.62116635234314,0,33,,,2050.6491055488586,
XV,ANLA,XV,KIRI,569.1643581670085,MspecBestK,False,,0.9047619047619048,231,6,0.0,2.2255363377206256,0,33,,,569.2511489391327,
XV,ANLA,XV,KIRI,569.1643581670085,single-taper,False,,0.7179627601314348,1826,17,0.0,1.5222899018083587,0,33,4740.0,8.96894026260987e-11,835.1118683815002,
XV,ANLA,XV,LAHA,320.7169960544515,FastMspec,True,0.7000000000000013,0.7017543859649122,171,439,0.5063291139240507,inf,16,33,9225.0,0.002401967395207374,1372.8000988960266,
XV,ANLA,XV,LAHA,320.7169960544515,Mspec,False,,0.9416666666666667,120,0,0.0,,0,33,,,4035.2262547016144,
XV,ANLA,XV,LAHA,320.7169960544515,MspecBestK,True,0.8000000000000014,0.672316384180791,177,426,0.5063291139240507,inf,16,33,,,1261.2208466529846,
XV,ANLA,XV,LAHA,320.7169960544515,single-taper,False,,0.7576435495898584,1341,5,0.0,1.1653057593435414,0,33,9225.0,7.210561820381487e-12,232.88745951652527,
XV,ANLA,XV,LONA,781.9435924836307,FastMspec,False,,0.8763636363636363,275,13,0.0,13.882280809806444,0,33,9390.0,0.011971951713953951,1797.3201174736023,
XV,ANLA,XV,LONA,781.9435924836307,Mspec,False,,0.9361702127659575,188,23,0.0,29.087112765287035,0,33,,,4264.52388381958,
XV,ANLA,XV,LONA,781.9435924836307,MspecBestK,False,,0.8772563176895307,277,13,0.0,14.165485416444838,0,33,,,1573.5150504112244,
XV,ANLA,XV,LONA,781.9435924836307,single-taper,False,,0.7698270721526536,1677,26,0.0,1.6344402392340365,0,33,9390.0,1.261564261802664e-11,666.2418246269226,
XV,ANLA,XV,MAGY,186.26202739350285,FastMspec,True,0.7500000000000013,0.7927927927927928,111,332,0.3291139240506329,24.634009424044233,18,33,4110.0,1.150965273863506e-08,651.6183257102966,
XV,ANLA,XV,MAGY,186.26202739350285,Mspec,True,0.7000000000000013,0.6875,64,390,0.5616438356164384,inf,18,33,,,1987.7780556678772,
XV,ANLA,XV,MAGY,186.26202739350285,MspecBestK,True,0.7500000000000013,0.7570093457943925,107,293,0.31645569620253167,28.01560422567457,18,33,,,439.75517988204956,
XV,ANLA,XV,MAGY,186.26202739350285,single-taper,False,,0.7592768791627021,1051,2,0.0,1.6896705333629545,0,33,4110.0,4.3746451751305845e-13,128.77794814109802,
XV,ANLA,XV,MAHA,635.041734015172,FastMspec,False,,0.8217054263565892,258,10,0.0,4.263524516249414,0,33,9255.0,0.0059710437253799676,1331.4727647304535,
XV,ANLA,XV,MAHA,635.041734015172,Mspec,False,,0.9285714285714286,154,1,0.0,26.851606231361544,0,33,,,4063.098613500595,
XV,ANLA,XV,MAHA,635.041734015172,MspecBestK,False,,0.82421875,256,10,0.0,3.9796076082063667,0,33,,,1628.2801043987274,
XV,ANLA,XV,MAHA,635.041734015172,single-taper,False,,0.7475669099756691,1644,2,0.0,2.5876133176840614,0,33,9255.0,1.5049759862746376e-11,588.0135550498962,
XV,ANLA,XV,MAJA,390.5484399552667,FastMspec,False,,0.8775510204081632,196,43,0.0,9.848176624828442,0,33,9405.0,0.0018583697960001355,1610.4830224514008,
XV,ANLA,XV,MAJA,390.5484399552667,Mspec,False,,0.95,80,23,0.0,inf,0,33,,,3631.316796064377,
XV,ANLA,XV,MAJA,390.5484399552667,MspecBestK,False,,0.8723404255319149,188,2,0.0,3.522579712853414,0,33,,,1663.1831312179565,
XV,ANLA,XV,MAJA,390.5484399552667,single-taper,False,,0.811373092926491,1442,22,0.0,1.7274791220617025,0,33,9405.0,2.8565429532061846e-11,361.3388121128082,
XV,ANLA,XV,MARO,582.5128928549143,FastMspec,True,0.400000000000001,0.8014440433212996,277,521,0.3037974683544304,2.6304423899186746,1,33,2430.0,0.001453634671072222,283.2971751689911,
XV,ANLA,XV,MARO,582.5128928549143,Mspec,False,,0.9923664122137404,131,4,0.0,22.219942810128856,0,33,,,1085.7348239421844,
XV,ANLA,XV,MARO,582.5128928549143,MspecBestK,True,0.400000000000001,0.7963636363636364,275,520,0.2911392405063291,2.5445515268241845,1,33,,,325.2784161567688,
XV,ANLA,XV,MARO,582.5128928549143,single-taper,False,,0.7164256198347108,1936,3,0.0,1.6912395406231766,0,33,2430.0,1.3507273662285745e-12,402.6430459022522,
XV,ANLA,XV,MKVA,402.0644351455685,FastMspec,False,,0.9081632653061225,196,0,0.0,,0,33,4410.0,0.0029873433896001763,1209.4467248916626,
XV,ANLA,XV,MKVA,402.0644351455685,Mspec,False,,0.9912280701754386,114,13,0.0,inf,0,33,,,2006.1489102840424,
XV,ANLA,XV,MKVA,402.0644351455685,MspecBestK,False,,0.9021739130434783,184,3,0.0,1.1299894519680718,0,33,,,1189.0309329032898,
XV,ANLA,XV,MKVA,402.0644351455685,single-taper,False,,0.7084282460136674,1317,7,0.0,1.6192637201260016,0,33,4410.0,1.0506830599822215e-11,142.62788820266724,
XV,ANLA,XV,MMBE,779.7059292695902,FastMspec,False,,0.9033149171270718,362,0,0.0,,0,33,9345.0,0.030811947515640033,919.5665969848633,
XV,ANLA,XV,MMBE,779.7059292695902,Mspec,False,,0.9786096256684492,187,0,0.0,,0,33,,,4648.782950639725,
XV,ANLA,XV,MMBE,779.7059292695902,MspecBestK,False,,0.8982558139534884,344,0,0.0,,0,33,,,817.6659283638,
XV,ANLA,XV,MMBE,779.7059292695902,single-taper,False,,0.6378250591016549,2115,10,0.0,1.3947882313483797,0,33,9345.0,1.7220932197563864e-11,177.33462238311768,
XV,ANLA,XV,SOLA,215.70389502614944,FastMspec,False,,0.9774011299435028,354,11,0.0,inf,0,33,,,57.72838068008423,
XV,ANLA,XV,SOLA,215.70389502614944,Mspec,False,,0.9915254237288136,118,10,0.0,inf,0,33,,,240.13152241706848,
XV,ANLA,XV,SOLA,215.70389502614944,MspecBestK,False,,0.9776536312849162,358,9,0.0,206.55377533338196,0,33,,,66.54078102111816,
XV,ANLA,XV,SOLA,215.70389502614944,single-taper,False,,0.6282560706401766,2265,2,0.0,1.7436733960295476,0,33,,,559.6680572032928,
XV,ANLA,XV,TANS,242.37282504212374,FastMspec,False,,0.9508928571428571,224,0,0.0,,0,33,2055.0,0.01038005966659234,243.04547142982483,
XV,ANLA,XV,TANS,242.37282504212374,Mspec,False,,0.9302325581395349,86,0,0.0,,0,33,,,845.7898283004761,
XV,ANLA,XV,TANS,242.37282504212374,MspecBestK,False,,0.9525862068965517,232,0,0.0,,0,33,,,250.6120810508728,
XV,ANLA,XV,TANS,242.37282504212374,single-taper,False,,0.7168327215521761,1907,13,0.0,1.8960370011444174,0,33,2055.0,5.432645939597556e-10,445.6860086917877,
XV,ANLA,XV,VATO,187.59553817764106,FastMspec,True,0.7000000000000013,0.8455284552845529,123,128,0.3291139240506329,9.827713497454488,23,33,2610.0,1.2343328368008779e-08,1002.8596308231354,
XV,ANLA,XV,VATO,187.59553817764106,Mspec,True,0.6500000000000012,0.6825396825396826,63,373,0.5569620253164557,inf,28,33,,,2643.113537311554,
XV,ANLA,XV,VATO,187.59553817764106,MspecBestK,True,0.7500000000000013,0.8151260504201681,119,424,0.46835443037974683,inf,26,33,,,1083.2751212120056,
XV,ANLA,XV,VATO,187.59553817764106,single-taper,False,,0.8308880308880309,1295,0,0.0,,0,33,2610.0,5.355243997959593e-13,242.78371000289917,
XV,ANLA,XV,VINA,451.06734127139356,FastMspec,False,,0.9453924914675768,293,35,0.0,2.1817119071807967,0,33,4425.0,0.18745950516372775,489.0067181587219,
XV,ANLA,XV,VINA,451.06734127139356,Mspec,False,,0.9939759036144579,166,0,0.0,,0,33,,,1909.8103787899017,
XV,ANLA,XV,VINA,451.06734127139356,MspecBestK,False,,0.933852140077821,257,35,0.0,2.1959655985212585,0,33,,,524.4839754104614,
XV,ANLA,XV,VINA,451.06734127139356,single-taper,False,,0.6723276723276723,2002,17,0.0,1.8870290137876582,0,33,4425.0,2.205373208660968e-11,273.8851754665375,
XV,ANLA,XV,ZAKA,110.9049897635626,FastMspec,False,,0.8775510204081632,147,6,0.0,2.284527683613201,0,33,4425.0,0.00412273416032777,407.4160132408142,
XV,ANLA,XV,ZAKA,110.9049897635626,Mspec,False,,0.9666666666666667,60,0,0.0,inf,0,33,,,1944.9647233486176,
XV,ANLA,XV,ZAKA,110.9049897635626,MspecBestK,False,,0.8843537414965986,147,17,0.0,2.001774070867008,0,33,,,1197.444828748703,
XV,ANLA,XV,ZAKA,110.9049897635626,single-taper,False,,0.7442724458204334,1615,4,0.0,1.3839058239472728,0,33,4425.0,2.394215218860056e-10,408.4652142524719,
XV,ANLA,XV,ZOBE,240.846271911656,FastMspec,False,,0.9560975609756097,205,0,0.0,,0,33,4725.0,0.09257697351599684,882.6011071205139,
XV,ANLA,XV,ZOBE,240.846271911656,Mspec,False,,0.9855072463768116,69,0,0.0,,0,33,,,2071.7130892276764,
XV,ANLA,XV,ZOBE,240.846271911656,MspecBestK,False,,0.9441624365482234,197,0,0.0,,0,33,,,1081.3154656887054,
XV,ANLA,XV,ZOBE,240.846271911656,single-taper,False,,0.6822329575952765,1863,10,0.0,1.6136754557519006,0,33,4725.0,1.78532663235661e-11,526.5392549037933,
XV,ANTS,XV,BAEL,89.04826861145312,FastMspec,True,-0.75,0.8888888888888888,54,106,0.5757575757575758,inf,33,33,5670.0,0.002518806145627318,649.4111726284027,
XV,ANTS,XV,BAEL,89.04826861145312,Mspec,True,0.7500000000000013,0.5185185185185185,27,110,0.453125,inf,29,33,,,2566.5125710964203,
XV,ANTS,XV,BAEL,89.04826861145312,MspecBestK,True,-0.75,0.8888888888888888,54,106,0.5757575757575758,inf,33,33,,,1275.1815667152405,
XV,ANTS,XV,BAEL,89.04826861145312,single-taper,False,,0.9374068554396423,671,0,0.0,3.0569935753665485,0,33,5670.0,3.5429386714805152e-12,41.80204749107361,
XV,ANTS,XV,BAND,658.1689007891629,FastMspec,True,0.8000000000000014,0.7203065134099617,261,397,0.27631578947368424,1.905513322912367,3,33,5760.0,0.006211268055974378,1528.4485137462616,
XV,ANTS,XV,BAND,658.1689007891629,Mspec,False,,0.9922480620155039,129,1,0.0,33.791006570508834,0,33,,,2663.6177315711975,
XV,ANTS,XV,BAND,658.1689007891629,MspecBestK,True,0.8000000000000014,0.7224334600760456,263,394,0.27631578947368424,1.9119398737029958,4,33,,,1530.1308708190918,
XV,ANTS,XV,BAND,658.1689007891629,single-taper,False,,0.7469670710571924,1731,10,0.0,2.0067941778138243,0,33,5760.0,1.130582680675012e-12,242.61233043670654,
XV,ANTS,XV,BANJ,146.4972809358701,FastMspec,True,0.7000000000000013,0.3472222222222222,72,291,0.3561643835616438,26.80380733397658,16,33,3480.0,0.00031089685680199975,1000.4574155807495,
XV,ANTS,XV,BANJ,146.4972809358701,Mspec,True,0.7000000000000013,0.3181818181818182,44,507,0.7884615384615384,inf,24,33,,,1563.3328144550323,
XV,ANTS,XV,BANJ,146.4972809358701,MspecBestK,True,0.7000000000000013,0.3684210526315789,76,541,0.4657534246575342,12.18309297686357,16,33,,,1076.9243268966675,
XV,ANTS,XV,BANJ,146.4972809358701,single-taper,False,,0.9534282018111255,773,2,0.0,2.1841283386682884,0,33,3480.0,3.39306136970746e-13,35.93163871765137,
XV,ANTS,XV,BARY,283.4007550481921,FastMspec,False,,0.8862275449101796,167,26,0.0,2.6999219309040328,0,33,5760.0,0.001350564408937815,1515.1524267196655,
XV,ANTS,XV,BARY,283.4007550481921,Mspec,False,,0.9620253164556962,79,0,0.0,,0,33,,,2689.098919391632,
XV,ANTS,XV,BARY,283.4007550481921,MspecBestK,False,,0.8875739644970414,169,14,0.0,2.6430850419002825,0,33,,,1218.2358746528625,
XV,ANTS,XV,BARY,283.4007550481921,single-taper,False,,0.8613264427217916,1161,8,0.0,1.38357870708785,0,33,5760.0,1.052547307799915e-12,526.3332331180573,
XV,ANTS,XV,BATG,484.17665545802896,FastMspec,False,,0.8766519823788547,227,0,0.0,,0,33,5430.0,0.0011475199916193483,581.7650482654572,
XV,ANTS,XV,BATG,484.17665545802896,Mspec,False,,0.9911504424778761,113,3,0.0,25.171099589483465,0,33,,,2403.946714401245,
XV,ANTS,XV,BATG,484.17665545802896,MspecBestK,False,,0.8787878787878788,231,0,0.0,,0,33,,,1324.4115996360779,
XV,ANTS,XV,BATG,484.17665545802896,single-taper,False,,0.7842441447835344,1409,10,0.0,1.547954674787422,0,33,5430.0,3.8701353637276846e-13,343.1505889892578,
XV,ANTS,XV,BERG,87.0272781777348,FastMspec,False,,0.927710843373494,83,0,0.0,,0,33,5730.0,0.0009221366038954761,1501.8843789100647,
XV,ANTS,XV,BERG,87.0272781777348,Mspec,True,0.6500000000000012,0.6129032258064516,31,280,0.6666666666666666,inf,26,33,,,2563.327846288681,
XV,ANTS,XV,BERG,87.0272781777348,MspecBestK,False,,0.9259259259259259,81,0,0.0,,0,33,,,1307.162410736084,
XV,ANTS,XV,BERG,87.0272781777348,single-taper,False,,0.8784596871239471,831,2,0.0,inf,0,33,5730.0,1.5102770962670454e-13,48.597041606903076,
XV,ANTS,XV,BITY,585.2672389371191,FastMspec,False,,0.9045226130653267,199,8,0.0,6.08971034056581,0,33,5775.0,0.0017703275390775718,662.7671160697937,
XV,ANTS,XV,BITY,585.2672389371191,Mspec,False,,0.9934640522875817,153,5,0.0,36.457963969684926,0,33,,,2534.429258584976,
XV,ANTS,XV,BITY,585.2672389371191,MspecBestK,False,,0.9045226130653267,199,7,0.0,6.025013545160481,0,33,,,562.3301503658295,
XV,ANTS,XV,BITY,585.2672389371191,single-taper,False,,0.8190909090909091,1100,47,0.0,1.4442638558927798,0,33,5775.0,4.4117071013874906e-13,553.8653872013092,
XV,ANTS,XV,BKTA,1062.1472415542457,FastMspec,False,,0.9476744186046512,344,6,0.0,35.22539130027999,0,33,5670.0,0.0011146060520901145,675.4174284934998,
XV,ANTS,XV,BKTA,1062.1472415542457,Mspec,False,,0.9797297297297297,148,15,0.0,inf,0,33,,,2484.39323759079,
XV,ANTS,XV,BKTA,1062.1472415542457,MspecBestK,False,,0.9427710843373494,332,7,0.0,35.317916032382996,0,33,,,573.0391747951508,
XV,ANTS,XV,BKTA,1062.1472415542457,single-taper,False,,0.7799744897959183,1568,19,0.0,1.2446396972971385,0,33,5670.0,5.349680716084662e-13,543.176652431488,
XV,ANTS,XV,CPSM,1220.99363562409,FastMspec,False,,0.9413265306122449,392,0,0.0,,0,33,5640.0,0.002455537961499073,603.4165816307068,
XV,ANTS,XV,CPSM,1220.99363562409,Mspec,False,,0.9932885906040269,149,1,0.0,23.236080215141953,0,33,,,2460.215402841568,
XV,ANTS,XV,CPSM,1220.99363562409,MspecBestK,False,,0.9342105263157895,380,2,0.0,1.0102804675735453,0,33,,,527.938818693161,
XV,ANTS,XV,CPSM,1220.99363562409,single-taper,False,,0.772159090909091,1760,4,0.0,1.8501103150540215,0,33,5640.0,4.885944252923419e-13,446.2715277671814,
XV,ANTS,XV,DGOS,324.5659378160175,FastMspec,False,,0.9103448275862069,145,25,0.0,3.416129010742412,0,33,9270.0,0.004157049091114954,915.1498379707336,
XV,ANTS,XV,DGOS,324.5659378160175,Mspec,False,,0.9666666666666667,90,0,0.0,2.1416287248633137,0,33,,,4445.18017745018,
XV,ANTS,XV,DGOS,324.5659378160175,MspecBestK,False,,0.8705035971223022,139,35,0.0,4.766764451188776,0,33,,,1376.3510928153992,
XV,ANTS,XV,DGOS,324.5659378160175,single-taper,False,,0.7955209347614411,1027,5,0.0,1.5329916300558675,0,33,9270.0,4.041764700319315e-13,236.39070892333984,
XV,ANTS,XV,KIRI,676.4242492857251,FastMspec,True,0.7000000000000013,0.8056537102473498,283,451,0.3026315789473684,1.7628080764826066,3,33,4740.0,0.005944383703328334,648.5828540325165,
XV,ANTS,XV,KIRI,676.4242492857251,Mspec,False,,0.9803921568627451,102,5,0.0,4.967847895578811,0,33,,,1942.3526451587677,
XV,ANTS,XV,KIRI,676.4242492857251,MspecBestK,True,0.7000000000000013,0.8096885813148789,289,434,0.2987012987012987,1.7506770991389593,1,33,,,524.3237733840942,
XV,ANTS,XV,KIRI,676.4242492857251,single-taper,False,,0.7141236528644356,1763,2,0.0,1.9685225007030238,0,33,4740.0,4.639303408280992e-11,309.6701776981354,
XV,ANTS,XV,LAHA,246.31929583080438,FastMspec,True,0.45000000000000107,0.8363636363636363,110,183,0.24050632911392406,16.54667744248216,6,33,10320.0,0.0030158697926484794,1195.9750881195068,
XV,ANTS,XV,LAHA,246.31929583080438,Mspec,False,,0.9375,48,71,0.0,inf,0,33,,,4636.31019949913,
XV,ANTS,XV,LAHA,246.31929583080438,MspecBestK,True,0.45000000000000107,0.8421052631578947,114,183,0.24050632911392406,16.541488926021323,6,33,,,992.2843189239502,
XV,ANTS,XV,LAHA,246.31929583080438,single-taper,False,,0.8876288659793814,970,9,0.0,1.4044750813734392,0,33,10320.0,3.7365563164662634e-13,152.70894169807434,
XV,ANTS,XV,LONA,963.014231833671,FastMspec,False,,0.8685121107266436,289,28,0.0,4.966326178372399,0,33,10470.0,0.02523988771138289,963.7401926517487,
XV,ANTS,XV,LONA,963.014231833671,Mspec,False,,0.9856115107913669,139,6,0.0,1.6058326954726714,0,33,,,4625.317031621933,
XV,ANTS,XV,LONA,963.014231833671,MspecBestK,False,,0.8650519031141869,289,28,0.0,5.102232411205816,0,33,,,1885.0494875907898,
XV,ANTS,XV,LONA,963.014231833671,single-taper,False,,0.758082497212932,1794,18,0.0,1.2290346953953968,0,33,10470.0,1.1195217427841817e-12,346.2626373767853,
XV,ANTS,XV,MAGY,503.85128175874394,FastMspec,True,0.8000000000000014,0.672645739910314,223,700,0.3783783783783784,3.4085055029132323,2,33,4125.0,0.0018226990372305937,608.0757715702057,
XV,ANTS,XV,MAGY,503.85128175874394,Mspec,False,,0.922077922077922,77,4,0.0,inf,0,33,,,1762.2197170257568,
XV,ANTS,XV,MAGY,503.85128175874394,MspecBestK,True,0.8000000000000014,0.6940639269406392,219,700,0.3783783783783784,3.4403140860454804,4,33,,,633.473687171936,
XV,ANTS,XV,MAGY,503.85128175874394,single-taper,False,,0.7419354838709677,1581,9,0.0,1.5610395972115407,0,33,4125.0,5.065836770385021e-13,467.6999876499176,
XV,ANTS,XV,MAHA,922.0558850397372,FastMspec,False,,0.9278350515463918,291,9,0.0,7.6533971918072625,0,33,10335.0,0.005391195073143768,1431.369616985321,
XV,ANTS,XV,MAHA,922.0558850397372,Mspec,False,,0.9875,160,18,0.0,1.2391946667435867,0,33,,,4616.333714008331,
XV,ANTS,XV,MAHA,922.0558850397372,MspecBestK,False,,0.9273356401384083,289,10,0.0,7.496120237240611,0,33,,,1031.580708026886,
XV,ANTS,XV,MAHA,922.0558850397372,single-taper,False,,0.7824296499656829,1457,11,0.0,1.9362582697042912,0,33,10335.0,7.322491920502527e-13,847.7363064289093,
XV,ANTS,XV,MAJA,193.2648913547346,FastMspec,True,-0.14999999999999947,0.549618320610687,131,149,0.3291139240506329,13.693431147322439,5,33,10470.0,0.004621039219890145,1059.1201028823853,
XV,ANTS,XV,MAJA,193.2648913547346,Mspec,True,0.350000000000001,0.84,50,128,0.3076923076923077,4.296148810001786,4,33,,,4757.91210770607,
XV,ANTS,XV,MAJA,193.2648913547346,MspecBestK,True,-0.14999999999999947,0.5193798449612403,129,149,0.3291139240506329,13.654411341193406,5,33,,,1731.1175265312195,
XV,ANTS,XV,MAJA,193.2648913547346,single-taper,False,,0.8953771289537713,822,0,0.0,,0,33,10470.0,2.478301295300533e-11,85.019038438797,
XV,ANTS,XV,MARO,688.6115643759314,FastMspec,False,,0.9032258064516129,310,0,0.0,,0,33,2430.0,0.017989546195676023,328.0515465736389,
XV,ANTS,XV,MARO,688.6115643759314,Mspec,False,,0.9857142857142858,140,28,0.0,2.5266168938090496,0,33,,,1007.4857699871063,
XV,ANTS,XV,MARO,688.6115643759314,MspecBestK,False,,0.9025974025974026,308,9,0.0,2.4952768571441672,0,33,,,324.6413824558258,
XV,ANTS,XV,MARO,688.6115643759314,single-taper,False,,0.6680993314231136,2094,4,0.0,1.8239774189091569,0,33,2430.0,2.4175033726698513e-12,681.9322848320007,
XV,ANTS,XV,MKVA,236.9690797367913,FastMspec,True,0.6000000000000012,0.7247706422018348,109,300,0.4583333333333333,76.33927026833074,6,33,5490.0,0.0009272383119259135,1329.2678880691528,
XV,ANTS,XV,MKVA,236.9690797367913,Mspec,False,,0.8909090909090909,55,48,0.0,inf,0,33,,,2415.7803926467896,
XV,ANTS,XV,MKVA,236.9690797367913,MspecBestK,True,0.6000000000000012,0.7387387387387387,111,300,0.4583333333333333,79.72255362704828,6,33,,,1304.0805518627167,
XV,ANTS,XV,MKVA,236.9690797367913,single-taper,False,,0.8629707112970711,956,0,0.0,,0,33,5490.0,2.796223783253505e-13,50.41640615463257,
XV,ANTS,XV,MMBE,906.1100232850033,FastMspec,False,,0.9330143540669856,418,4,0.0,18.505296523352488,0,33,10440.0,0.047545829663274614,1825.5517411231995,
XV,ANTS,XV,MMBE,906.1100232850033,Mspec,False,,0.975,200,0,0.0,14.95204652989176,0,33,,,3788.1579251289368,
XV,ANTS,XV,MMBE,906.1100232850033,MspecBestK,False,,0.9483568075117371,426,5,0.0,18.41045882870947,0,33,,,1549.174833536148,
XV,ANTS,XV,MMBE,906.1100232850033,single-taper,False,,0.6344612644701692,2246,9,0.0,2.370932223479059,0,33,10440.0,2.8194246142569166e-12,397.6155197620392,
XV,ANTS,XV,SOLA,140.42605498546288,FastMspec,False,,0.9340659340659341,91,22,0.0,inf,0,33,1605.0,1.538670118096803e-08,862.8168427944183,
XV,ANTS,XV,SOLA,140.42605498546288,Mspec,True,0.8000000000000014,0.7058823529411765,51,139,0.35135135135135137,inf,27,33,,,2252.8786702156067,
XV,ANTS,XV,SOLA,140.42605498546288,MspecBestK,True,0.8000000000000014,0.8275862068965517,87,124,0.32051282051282054,inf,1,33,,,848.0449326038361,
XV,ANTS,XV,SOLA,140.42605498546288,single-taper,False,,0.8416988416988417,1295,3,0.0,1.4387053318986927,0,33,1605.0,5.897796357982831e-13,125.95165729522705,
XV,ANTS,XV,TANS,451.0091075324638,FastMspec,True,0.30000000000000093,0.7730061349693251,163,752,0.379746835443038,9.715791527016556,7,33,3135.0,0.0029600739017887514,529.3744413852692,
XV,ANTS,XV,TANS,451.0091075324638,Mspec,False,,0.9568965517241379,116,15,0.0,inf,0,33,,,1295.9334037303925,
XV,ANTS,XV,TANS,451.0091075324638,MspecBestK,True,0.350000000000001,0.7575757575757576,165,732,0.4084507042253521,9.353458267311149,4,33,,,487.25347805023193,
XV,ANTS,XV,TANS,451.0091075324638,single-taper,False,,0.795758051846033,1273,24,0.0,1.7999311900200017,0,33,3135.0,1.0036011518094249e-10,669.1124610900879,
XV,ANTS,XV,VATO,505.4047965328043,FastMspec,True,0.5000000000000011,0.7674418604651163,258,762,0.45569620253164556,5.506371205798346,5,33,2535.0,0.0022243583352403065,1237.5119287967682,
XV,ANTS,XV,VATO,505.4047965328043,Mspec,False,,0.9938650306748467,163,14,0.0,inf,0,33,,,2292.6762981414795,
XV,ANTS,XV,VATO,505.4047965328043,MspecBestK,True,0.5000000000000011,0.7692307692307693,260,746,0.45569620253164556,5.653966290520114,4,33,,,1060.731069803238,
XV,ANTS,XV,VATO,505.4047965328043,single-taper,False,,0.6914949815108293,1893,5,0.0,1.634487164882011,0,33,2535.0,1.9388169462345025e-12,793.3946499824524,
XV,ANTS,XV,VINA,470.62922453994634,FastMspec,False,,0.9027777777777778,216,19,0.0,12.080522000357465,0,33,5415.0,0.001632177037227735,628.9915940761566,
XV,ANTS,XV,VINA,470.62922453994634,Mspec,False,,0.9485294117647058,136,9,0.0,6.969527567586695,0,33,,,2225.5519840717316,
XV,ANTS,XV,VINA,470.62922453994634,MspecBestK,False,,0.9018691588785047,214,8,0.0,3.1675266705846554,0,33,,,552.0585420131683,
XV,ANTS,XV,VINA,470.62922453994634,single-taper,False,,0.697242206235012,1668,4,0.0,1.04949071019308,0,33,5415.0,1.4109467554592982e-12,231.9752814769745,
XV,ANTS,XV,ZAKA,332.5342359891602,FastMspec,True,0.30000000000000093,0.8165680473372781,169,453,0.3670886075949367,18.58425234317012,21,33,4425.0,0.0019448723472501339,1457.428420305252,
XV,ANTS,XV,ZAKA,332.5342359891602,Mspec,False,,0.9625,80,0,0.0,,0,33,,,1971.92649269104,
XV,ANTS,XV,ZAKA,332.5342359891602,MspecBestK,True,0.45000000000000107,0.8011695906432749,171,468,0.5569620253164557,17.973099776723306,27,33,,,1486.8961727619171,
XV,ANTS,XV,ZAKA,332.5342359891602,single-taper,False,,0.7701232777374909,1379,8,0.0,1.5854228716533654,0,33,4425.0,1.9929651094882214e-10,106.58530473709106,
XV,ANTS,XV,ZOBE,370.8779326865201,FastMspec,False,,0.875,128,38,0.0,inf,0,33,5805.0,0.0024087782150752834,1428.260415315628,
XV,ANTS,XV,ZOBE,370.8779326865201,Mspec,False,,0.9320388349514563,103,0,0.0,20.136889130610385,0,33,,,2295.513739824295,
XV,ANTS,XV,ZOBE,370.8779326865201,MspecBestK,False,,0.8709677419354839,124,38,0.0,inf,0,33,,,1376.0430018901825,
XV,ANTS,XV,ZOBE,370.8779326865201,single-taper,False,,0.8011428571428572,875,2,0.0,1.0051064688007723,0,33,5805.0,5.617931615861716e-12,657.1405935287476,
XV,BAEL,XV,BAND,726.5937166799246,FastMspec,False,,0.9253731343283582,268,29,0.0,inf,0,33,5700.0,0.006518294634589238,567.0745596885681,
XV,BAEL,XV,BAND,726.5937166799246,Mspec,False,,0.9928057553956835,139,0,0.0,,0,33,,,2517.436589241028,
XV,BAEL,XV,BAND,726.5937166799246,MspecBestK,False,,0.9216417910447762,268,16,0.0,3.955245586080281,0,33,,,997.949303150177,
XV,BAEL,XV,BAND,726.5937166799246,single-taper,False,,0.7573397243858598,1669,35,0.0,1.3120088783398398,0,33,5700.0,2.5464724580549654e-11,264.8358359336853,
XV,BAEL,XV,BANJ,104.63823101611646,FastMspec,True,0.8000000000000014,0.6470588235294118,68,84,0.26666666666666666,inf,22,33,3465.0,0.0002506414222490748,1147.9166717529297,
XV,BAEL,XV,BANJ,104.63823101611646,Mspec,True,0.7500000000000013,0.28125,32,299,0.7608695652173914,inf,26,33,,,1349.7225632667542,
XV,BAEL,XV,BANJ,104.63823101611646,MspecBestK,True,0.8000000000000014,0.6470588235294118,68,84,0.26666666666666666,inf,22,33,,,1036.5497512817383,
XV,BAEL,XV,BANJ,104.63823101611646,single-taper,False,,0.8909541511771994,807,5,0.0,1.3347411577476502,0,33,3465.0,3.666082901180385e-13,344.0048222541809,
XV,BAEL,XV,BARY,356.8310611538927,FastMspec,False,,0.9408284023668639,169,9,0.0,13.974756042284458,0,33,5700.0,0.0026200375424469996,565.109293460846,
XV,BAEL,XV,BARY,356.8310611538927,Mspec,False,,0.987012987012987,77,0,0.0,,0,33,,,2340.1989023685455,
XV,BAEL,XV,BARY,356.8310611538927,MspecBestK,False,,0.9364161849710982,173,9,0.0,13.422843022479109,0,33,,,512.4246397018433,
XV,BAEL,XV,BARY,356.8310611538927,single-taper,False,,0.8280060882800608,1314,2,0.0,1.570503193294534,0,33,5700.0,6.399940306662499e-11,318.46092653274536,
XV,BAEL,XV,BATG,554.1067164757294,FastMspec,False,,0.9295774647887324,213,26,0.0,inf,0,33,5430.0,0.001993440322786016,1419.8479669094086,
XV,BAEL,XV,BATG,554.1067164757294,Mspec,False,,0.9833333333333333,120,4,0.0,2.9920259751103178,0,33,,,2376.532991886139,
XV,BAEL,XV,BATG,554.1067164757294,MspecBestK,False,,0.9269406392694064,219,0,0.0,,0,33,,,1193.1302886009216,
XV,BAEL,XV,BATG,554.1067164757294,single-taper,False,,0.8152958152958153,1386,3,0.0,1.2356129183211728,0,33,5430.0,1.572324184742624e-11,384.32942748069763,
XV,BAEL,XV,BERG,166.78531679044244,FastMspec,True,0.6500000000000012,0.7108433734939759,83,151,0.358974358974359,17.12792086932726,27,33,5685.0,0.0006842933864518351,634.4391458034515,
XV,BAEL,XV,BERG,166.78531679044244,Mspec,True,0.6500000000000012,0.6744186046511628,43,148,0.25675675675675674,16.73595174272395,17,33,,,2571.623776912689,
XV,BAEL,XV,BERG,166.78531679044244,MspecBestK,True,0.6000000000000012,0.7471264367816092,87,122,0.21794871794871795,23.383337526783535,19,33,,,578.043669462204,
XV,BAEL,XV,BERG,166.78531679044244,single-taper,False,,0.8779620853080569,844,0,0.0,,0,33,5685.0,2.005357592524911e-11,134.59682846069336,
XV,BAEL,XV,BITY,641.2833695384574,FastMspec,False,,0.8862559241706162,211,8,0.0,5.583258990170366,0,33,5700.0,0.0013416513437838418,626.3639752864838,
XV,BAEL,XV,BITY,641.2833695384574,Mspec,False,,0.9903846153846154,104,3,0.0,38.662631953788534,0,33,,,2163.630420446396,
XV,BAEL,XV,BITY,641.2833695384574,MspecBestK,False,,0.8846153846153846,208,5,0.0,5.585744051807467,0,33,,,492.84400629997253,
XV,BAEL,XV,BITY,641.2833695384574,single-taper,False,,0.8191318327974276,1244,12,0.0,1.802544894655342,0,33,5700.0,1.224279162423408e-11,248.63829064369202,
XV,BAEL,XV,BKTA,1119.48305732313,FastMspec,False,,0.9384615384615385,325,29,0.0,6.597957010220889,0,33,5700.0,0.00346297704054623,1547.8660023212433,
XV,BAEL,XV,BKTA,1119.48305732313,Mspec,False,,0.9821428571428571,168,3,0.0,13.68959323447444,0,33,,,2586.6197514533997,
XV,BAEL,XV,BKTA,1119.48305732313,MspecBestK,False,,0.944954128440367,327,30,0.0,12.39359624029679,0,33,,,1275.610145330429,
XV,BAEL,XV,BKTA,1119.48305732313,single-taper,False,,0.8253968253968254,1512,8,0.0,1.238075689819384,0,33,5700.0,2.575628801755972e-11,214.12177634239197,
XV,BAEL,XV,CPSM,1278.897383521798,FastMspec,False,,0.9245283018867925,371,2,0.0,3.5267411413849112,0,33,5670.0,0.006154500067134754,658.3226184844971,
XV,BAEL,XV,CPSM,1278.897383521798,Mspec,False,,0.9933333333333333,150,5,0.0,inf,0,33,,,2351.63024020195,
XV,BAEL,XV,CPSM,1278.897383521798,MspecBestK,False,,0.9253333333333333,375,2,0.0,3.547848133143499,0,33,,,590.8977696895599,
XV,BAEL,XV,CPSM,1278.897383521798,single-taper,False,,0.8,1740,3,0.0,1.6653895876337623,0,33,5670.0,3.696524111242045e-11,393.7307412624359,
XV,BAEL,XV,DGOS,259.62272556499494,FastMspec,False,,0.8832116788321168,137,5,0.0,5.126357075340484,0,33,4485.0,0.0009384067434314073,1228.7850511074066,
XV,BAEL,XV,DGOS,259.62272556499494,Mspec,False,,0.9726027397260274,73,50,0.0,27.619849428654838,0,33,,,1963.1947846412659,
XV,BAEL,XV,DGOS,259.62272556499494,MspecBestK,False,,0.8865248226950354,141,5,0.0,5.120365769891637,0,33,,,971.5669021606445,
XV,BAEL,XV,DGOS,259.62272556499494,single-taper,False,,0.8141025641025641,936,7,0.0,1.1587136256391388,0,33,4485.0,1.1265650394300469e-11,127.85391473770142,
XV,BAEL,XV,KIRI,752.2662362450121,FastMspec,False,,0.9632107023411371,299,0,0.0,,0,33,3450.0,0.006048724218444956,381.25605607032776,
XV,BAEL,XV,KIRI,752.2662362450121,Mspec,False,,0.9548872180451128,133,23,0.0,13.683694058878114,0,33,,,1513.2009868621826,
XV,BAEL,XV,KIRI,752.2662362450121,MspecBestK,False,,0.9644012944983819,309,0,0.0,,0,33,,,312.1329917907715,
XV,BAEL,XV,KIRI,752.2662362450121,single-taper,False,,0.7565683646112601,1865,5,0.0,2.1272840676441955,0,33,3450.0,1.6873616745950244e-10,334.86905670166016,
XV,BAEL,XV,LAHA,171.78055723871552,FastMspec,True,0.7500000000000013,0.7319587628865979,97,252,0.3670886075949367,inf,22,33,5700.0,0.0010886170012997369,1519.972415447235,
XV,BAEL,XV,LAHA,171.78055723871552,Mspec,True,0.45000000000000107,0.7551020408163265,49,191,0.3194444444444444,inf,21,33,,,2370.688150167465,
XV,BAEL,XV,LAHA,171.78055723871552,MspecBestK,True,0.7500000000000013,0.7373737373737373,99,252,0.3670886075949367,inf,22,33,,,1320.7055327892303,
XV,BAEL,XV,LAHA,171.78055723871552,single-taper,False,,0.9228028503562945,842,4,0.0,1.945008001334496,0,33,5700.0,2.989264417681721e-12,99.62174701690674,
XV,BAEL,XV,LONA,1031.5599231211452,FastMspec,False,,0.9088319088319088,351,0,0.0,,0,33,5700.0,0.03360716809105398,604.3026852607727,
XV,BAEL,XV,LONA,1031.5599231211452,Mspec,False,,0.9657534246575342,146,1,0.0,27.6801422142133,0,33,,,2520.9203991889954,
XV,BAEL,XV,LONA,1031.5599231211452,MspecBestK,False,,0.9159420289855073,345,0,0.0,,0,33,,,493.9236433506012,
XV,BAEL,XV,LONA,1031.5599231211452,single-taper,False,,0.6977459016393442,1952,13,0.0,1.4726434149789525,0,33,5700.0,3.1467474888341066e-11,984.8085217475891,
XV,BAEL,XV,MAGY,531.8830731102494,FastMspec,False,,0.948051948051948,231,2,0.0,3.125194603418625,0,33,1875.0,0.0001967191874754459,900.597592830658,
XV,BAEL,XV,MAGY,531.8830731102494,Mspec,False,,0.9927536231884058,138,5,0.0,108.80566119022319,0,33,,,1765.0690648555756,
XV,BAEL,XV,MAGY,531.8830731102494,MspecBestK,False,,0.948051948051948,231,2,0.0,3.150320882022113,0,33,,,918.9244437217712,
XV,BAEL,XV,MAGY,531.8830731102494,single-taper,False,,0.6674514420247204,1699,13,0.0,1.5593453733482485,0,33,1875.0,5.242395770377278e-13,528.3487389087677,
XV,BAEL,XV,MAHA,966.2056856327285,FastMspec,False,,0.9106145251396648,358,1,0.0,2.6540632630316146,0,33,5655.0,0.0023436208384031527,685.5779731273651,
XV,BAEL,XV,MAHA,966.2056856327285,Mspec,False,,0.9915966386554622,119,4,0.0,inf,0,33,,,2442.677826166153,
XV,BAEL,XV,MAHA,966.2056856327285,MspecBestK,False,,0.9120879120879121,364,1,0.0,2.647714074566422,0,33,,,466.0507493019104,
XV,BAEL,XV,MAHA,966.2056856327285,single-taper,False,,0.7602739726027398,1752,13,0.0,1.2865572715485172,0,33,5655.0,6.026323404224202e-11,487.8488175868988,
XV,BAEL,XV,MAJA,282.16338065799,FastMspec,True,0.5500000000000012,0.6975308641975309,162,293,0.5714285714285714,inf,19,33,5700.0,0.0013831859797479049,1704.19842004776,
XV,BAEL,XV,MAJA,282.16338065799,Mspec,False,,0.8727272727272727,55,0,0.0,,0,33,,,1974.7951304912567,
XV,BAEL,XV,MAJA,282.16338065799,MspecBestK,True,0.8000000000000014,0.7088607594936709,158,292,0.5857142857142857,inf,22,33,,,1458.3895828723907,
XV,BAEL,XV,MAJA,282.16338065799,single-taper,False,,0.8597014925373134,1340,2,0.0,1.3436984257160192,0,33,5700.0,5.601591107918479e-11,251.09039902687073,
XV,BAEL,XV,MKVA,148.48853290244867,FastMspec,True,0.7000000000000013,0.8048780487804879,82,149,0.3037974683544304,inf,12,33,5520.0,0.0016428940504834035,820.936772108078,
XV,BAEL,XV,MKVA,148.48853290244867,Mspec,True,0.1500000000000008,0.7708333333333334,48,264,0.6081081081081081,inf,19,33,,,2148.3049170970917,
XV,BAEL,XV,MKVA,148.48853290244867,MspecBestK,True,0.7000000000000013,0.813953488372093,86,158,0.35443037974683544,inf,29,33,,,1282.513855934143,
XV,BAEL,XV,MKVA,148.48853290244867,single-taper,False,,0.9440715883668904,894,0,0.0,,0,33,5520.0,3.927457487884439e-12,180.96693205833435,
XV,BAEL,XV,MMBE,982.2187778105555,FastMspec,False,,0.972972972972973,481,5,0.0,9.087165769732726,0,33,5700.0,0.009291386214293294,1412.5460467338562,
XV,BAEL,XV,MMBE,982.2187778105555,Mspec,False,,0.9951219512195122,205,19,0.0,inf,0,33,,,2341.38996219635,
XV,BAEL,XV,MMBE,982.2187778105555,MspecBestK,False,,0.974304068522484,467,5,0.0,9.264053984169534,0,33,,,1361.8521270751953,
XV,BAEL,XV,MMBE,982.2187778105555,single-taper,False,,0.6188573711546145,2503,5,0.0,1.727976089036909,0,33,5700.0,1.4339246504167463e-10,867.9078650474548,
XV,BAEL,XV,SOLA,147.45856723109674,FastMspec,False,,0.9338842975206612,121,6,0.0,inf,0,33,1620.0,0.001143483318623009,189.99929547309875,
XV,BAEL,XV,SOLA,147.45856723109674,Mspec,True,0.7000000000000013,0.6341463414634146,41,221,0.5849056603773585,inf,24,33,,,717.4779300689697,
XV,BAEL,XV,SOLA,147.45856723109674,MspecBestK,False,,0.9421487603305785,121,3,0.0,inf,0,33,,,162.746568441391,
XV,BAEL,XV,SOLA,147.45856723109674,single-taper,False,,0.8032544378698225,1352,8,0.0,1.7489603271835965,0,33,1620.0,2.7597771849238362e-11,222.66349959373474,
XV,BAEL,XV,TANS,503.16443258470883,FastMspec,False,,0.8947368421052632,190,43,0.0,5.626847990062838,0,33,3165.0,0.002604689491295534,1094.6275706291199,
XV,BAEL,XV,TANS,503.16443258470883,Mspec,False,,0.965034965034965,143,4,0.0,2.392577006096232,0,33,,,1838.4742848873138,
XV,BAEL,XV,TANS,503.16443258470883,MspecBestK,False,,0.8888888888888888,180,43,0.0,5.59819178594791,0,33,,,1040.9005796909332,
XV,BAEL,XV,TANS,503.16443258470883,single-taper,False,,0.7804878048780488,1271,3,0.0,1.4278010871151228,0,33,3165.0,1.7817145807848452e-10,627.6164748668671,
XV,BAEL,XV,VINA,552.0090768951665,FastMspec,False,,0.9402985074626866,201,0,0.0,inf,0,33,5415.0,0.0027722920630792163,1138.0392220020294,
XV,BAEL,XV,VINA,552.0090768951665,Mspec,False,,0.9852941176470589,136,0,0.0,2.6009646139207883,0,33,,,2358.2686409950256,
XV,BAEL,XV,VINA,552.0090768951665,MspecBestK,False,,0.9282051282051282,195,22,0.0,inf,0,33,,,1262.6271438598633,
XV,BAEL,XV,VINA,552.0090768951665,single-taper,False,,0.7286698463169051,1887,11,0.0,1.4841887845251762,0,33,5415.0,2.5888329696691086e-11,671.4146163463593,
XV,BAEL,XV,ZAKA,369.38632954026906,FastMspec,True,0.8000000000000014,0.6054421768707483,147,1058,0.463768115942029,inf,2,33,4425.0,0.0019314814463549373,1498.0549535751343,
XV,BAEL,XV,ZAKA,369.38632954026906,Mspec,False,,0.9504950495049505,101,0,0.0,,0,33,,,1743.6337041854858,
XV,BAEL,XV,ZAKA,369.38632954026906,MspecBestK,False,,0.9261744966442953,149,6,0.0,7.5285226062690285,0,33,,,1077.9829194545746,
XV,BAEL,XV,ZAKA,369.38632954026906,single-taper,False,,0.718139534883721,1075,2,0.0,1.2588626418783202,0,33,4425.0,9.579065627897152e-11,545.660195350647,
XV,BAEL,XV,ZOBE,431.52194254622015,FastMspec,False,,0.8888888888888888,135,19,0.0,41.813381736445045,0,33,5700.0,0.0024423335611539277,1444.6242911815643,
XV,BAEL,XV,ZOBE,431.52194254622015,Mspec,False,,0.9758064516129032,124,0,0.0,,0,33,,,2291.1596734523773,
XV,BAEL,XV,ZOBE,431.52194254622015,MspecBestK,False,,0.8872180451127819,133,18,0.0,40.980733137320776,0,33,,,1233.2850205898285,
XV,BAEL,XV,ZOBE,431.52194254622015,single-taper,False,,0.8253068932955618,1059,2,0.0,1.720345538106558,0,33,5700.0,2.6937328635794505e-11,308.3072168827057,
XV,BAND,XV,BANJ,804.5205515780254,FastMspec,False,,0.9322033898305084,295,5,0.0,6.9003325223149075,0,33,3480.0,0.0046154997358160525,1152.977656364441,
XV,BAND,XV,BANJ,804.5205515780254,Mspec,False,,0.9779005524861878,181,4,0.0,33.59992535835321,0,33,,,1459.183512687683,
XV,BAND,XV,BANJ,804.5205515780254,MspecBestK,False,,0.9312714776632303,291,4,0.0,6.91822375517944,0,33,,,694.1861929893494,
XV,BAND,XV,BANJ,804.5205515780254,single-taper,False,,0.6996501749125438,2001,17,0.0,1.3300174590707041,0,33,3480.0,1.940900785511452e-12,369.5257604122162,
XV,BAND,XV,BARY,375.4255205257903,FastMspec,False,,0.9127906976744186,172,26,0.0,7.746400847356562,0,33,5820.0,0.0022555588531762427,1419.4395966529846,
XV,BAND,XV,BARY,375.4255205257903,Mspec,False,,0.96,75,0,0.0,,0,33,,,2568.6453878879547,
XV,BAND,XV,BARY,375.4255205257903,MspecBestK,False,,0.8988095238095238,168,34,0.0,3.16313942591113,0,33,,,1159.7667627334595,
XV,BAND,XV,BARY,375.4255205257903,single-taper,False,,0.8327598072952512,1453,15,0.0,1.8524115755735597,0,33,5820.0,1.4988094453656257e-12,660.4550001621246,
XV,BAND,XV,BATG,174.17117187309157,FastMspec,True,0.30000000000000093,0.8333333333333334,78,174,0.5138888888888888,inf,29,33,5430.0,0.0025025067517765566,1140.4995198249817,
XV,BAND,XV,BATG,174.17117187309157,Mspec,True,-0.1999999999999995,0.825,40,192,0.27692307692307694,inf,8,33,,,2261.1694486141205,
XV,BAND,XV,BATG,174.17117187309157,MspecBestK,True,0.350000000000001,0.8536585365853658,82,162,0.3333333333333333,inf,26,33,,,1237.2269916534424,
XV,BAND,XV,BATG,174.17117187309157,single-taper,False,,0.8928870292887029,1195,4,0.0,1.510763345137852,0,33,5430.0,6.884922806833863e-13,47.63304114341736,
XV,BAND,XV,BERG,571.4942801401342,FastMspec,False,,0.8991596638655462,238,16,0.0,2.0023186541449145,0,33,5775.0,0.0015987008064751737,630.5198640823364,
XV,BAND,XV,BERG,571.4942801401342,Mspec,False,,0.9902912621359223,103,35,0.0,inf,0,33,,,2367.492959499359,
XV,BAND,XV,BERG,571.4942801401342,MspecBestK,False,,0.8983050847457628,236,20,0.0,1.3440359284739105,0,33,,,576.7183771133423,
XV,BAND,XV,BERG,571.4942801401342,single-taper,False,,0.7481203007518797,1596,4,0.0,1.4987346419357168,0,33,5775.0,9.360372361319834e-13,629.45396733284,
XV,BAND,XV,BITY,149.8001487685651,FastMspec,True,0.6000000000000012,0.8072289156626506,83,163,0.3037974683544304,inf,23,33,5865.0,0.0013952158666703332,644.3867807388306,
XV,BAND,XV,BITY,149.8001487685651,Mspec,True,0.350000000000001,0.7804878048780488,41,226,0.56,inf,18,33,,,2595.8414492607117,
XV,BAND,XV,BITY,149.8001487685651,MspecBestK,True,0.6000000000000012,0.8072289156626506,83,164,0.3037974683544304,inf,23,33,,,567.2217271327972,
XV,BAND,XV,BITY,149.8001487685651,single-taper,False,,0.894937917860554,1047,6,0.0,1.3095971815706893,0,33,5865.0,7.90247798737394e-13,81.52903079986572,
XV,BAND,XV,BKTA,426.99445063315363,FastMspec,True,0.05000000000000071,0.782608695652174,138,523,0.3611111111111111,10.932270878587998,6,33,5835.0,0.0018414917315373082,1626.0221545696259,
XV,BAND,XV,BKTA,426.99445063315363,Mspec,False,,0.9478260869565217,115,0,0.0,,0,33,,,2410.690349817276,
XV,BAND,XV,BKTA,426.99445063315363,MspecBestK,True,0.05000000000000071,0.7898550724637681,138,547,0.3472222222222222,inf,5,33,,,1337.39444565773,
XV,BAND,XV,BKTA,426.99445063315363,single-taper,False,,0.8950471698113207,848,7,0.0,1.9020626823561193,0,33,5835.0,7.579646492965693e-13,374.7865312099457,
XV,BAND,XV,CPSM,579.2399825687038,FastMspec,False,,0.930327868852459,244,14,0.0,47.32340332936954,0,33,5790.0,0.0017599425122042458,1322.1992795467377,
XV,BAND,XV,CPSM,579.2399825687038,Mspec,False,,0.99,100,0,0.0,,0,33,,,2391.4019379615784,
XV,BAND,XV,CPSM,579.2399825687038,MspecBestK,False,,0.9330708661417323,254,14,0.0,45.848408190977786,0,33,,,1217.008189201355,
XV,BAND,XV,CPSM,579.2399825687038,single-taper,False,,0.7939543491671808,1621,20,0.0,1.4817105116739122,0,33,5790.0,9.214161355030534e-13,309.9587411880493,
XV,BAND,XV,DGOS,981.9987269799178,FastMspec,False,,0.9221902017291066,347,3,0.0,2.776596970375871,0,33,4575.0,0.008403805852978244,1251.4598696231842,
XV,BAND,XV,DGOS,981.9987269799178,Mspec,False,,0.9938271604938271,162,29,0.0,inf,0,33,,,1882.485149860382,
XV,BAND,XV,DGOS,981.9987269799178,MspecBestK,False,,0.9333333333333333,345,3,0.0,2.5665803557065345,0,33,,,1280.2394750118256,
XV,BAND,XV,DGOS,981.9987269799178,single-taper,False,,0.7642405063291139,1896,3,0.0,1.3748035176809232,0,33,4575.0,1.9466719750065756e-12,266.80868124961853,
XV,BAND,XV,KIRI,102.44450588009188,FastMspec,True,0.5500000000000012,0.43373493975903615,83,480,0.5915492957746479,inf,28,33,3540.0,0.0005222641664794123,1827.8493707180023,
XV,BAND,XV,KIRI,102.44450588009188,Mspec,True,0.05000000000000071,0.5333333333333333,45,228,0.5,inf,30,33,,,1699.8640785217285,
XV,BAND,XV,KIRI,102.44450588009188,MspecBestK,True,-0.14999999999999947,0.4444444444444444,81,689,0.6056338028169014,inf,28,33,,,1782.0454840660095,
XV,BAND,XV,KIRI,102.44450588009188,single-taper,False,,0.8752,625,0,0.0,2.121189478174765,0,33,3540.0,4.0891393737376253e-11,280.8716335296631,
XV,BAND,XV,LAHA,780.3232850616911,FastMspec,False,,0.9278996865203761,319,8,0.0,2.1784608417740676,0,33,5940.0,0.003877323950154157,715.0816888809204,
XV,BAND,XV,LAHA,780.3232850616911,Mspec,False,,0.9764705882352941,170,1,0.0,34.8578363636154,0,33,,,2633.6774678230286,
XV,BAND,XV,LAHA,780.3232850616911,MspecBestK,False,,0.9274447949526814,317,7,0.0,2.1307419567688495,0,33,,,1294.2131433486938,
XV,BAND,XV,LAHA,780.3232850616911,single-taper,False,,0.7048630519843488,1789,13,0.0,1.4775503829959624,0,33,5940.0,1.2101337734408901e-12,784.4653744697571,
XV,BAND,XV,LONA,305.09113330696545,FastMspec,False,,0.8737373737373737,198,13,0.0,inf,0,33,5865.0,0.017604620375323784,620.0718083381653,
XV,BAND,XV,LONA,305.09113330696545,Mspec,False,,0.9178082191780822,73,0,0.0,,0,33,,,2399.041984319687,
XV,BAND,XV,LONA,305.09113330696545,MspecBestK,False,,0.8626373626373627,182,13,0.0,inf,0,33,,,532.3008272647858,
XV,BAND,XV,LONA,305.09113330696545,single-taper,False,,0.7872062663185379,1532,5,0.0,1.8542185075105295,0,33,5865.0,1.0419606715890235e-12,189.1992838382721,
XV,BAND,XV,MAGY,371.6628556186732,FastMspec,False,,0.9461883408071748,223,41,0.0,inf,0,33,1965.0,6.962872719702961e-05,268.79605627059937,
XV,BAND,XV,MAGY,371.6628556186732,Mspec,False,,0.9911504424778761,113,3,0.0,inf,0,33,,,860.9640929698944,
XV,BAND,XV,MAGY,371.6628556186732,MspecBestK,False,,0.9577464788732394,213,0,0.0,,0,33,,,193.46281743049622,
XV,BAND,XV,MAGY,371.6628556186732,single-taper,False,,0.6901874310915105,1814,12,0.0,1.9574446942922687,0,33,1965.0,5.581088676561715e-13,237.88493752479553,
XV,BAND,XV,MAHA,381.6487884615539,FastMspec,False,,0.9282051282051282,195,37,0.0,2.0457500285216703,0,33,5745.0,0.0016919173527187089,602.5947525501251,
XV,BAND,XV,MAHA,381.6487884615539,Mspec,False,,0.9596774193548387,124,20,0.0,inf,0,33,,,2192.8280045986176,
XV,BAND,XV,MAHA,381.6487884615539,MspecBestK,False,,0.9282051282051282,195,37,0.0,1.9400223571526047,0,33,,,548.0274591445923,
XV,BAND,XV,MAHA,381.6487884615539,single-taper,False,,0.7997320830542531,1493,18,0.0,1.3036124246106586,0,33,5745.0,9.606729999244924e-13,261.98195695877075,
XV,BAND,XV,MAJA,520.1138119790588,FastMspec,True,0.7500000000000013,0.4919786096256685,187,1011,0.7333333333333333,inf,24,33,5805.0,0.0012280470887496256,1923.1493871212006,
XV,BAND,XV,MAJA,520.1138119790588,Mspec,False,,0.9915254237288136,118,1,0.0,inf,0,33,,,2522.7823629379272,
XV,BAND,XV,MAJA,520.1138119790588,MspecBestK,True,0.7500000000000013,0.5079365079365079,189,702,0.6666666666666666,inf,24,33,,,1758.6061642169952,
XV,BAND,XV,MAJA,520.1138119790588,single-taper,False,,0.8403683806600154,1303,3,0.0,4.283852715919358,0,33,5805.0,6.745097179317269e-11,509.36433005332947,
XV,BAND,XV,MKVA,837.0763227003607,FastMspec,False,,0.9215017064846417,293,16,0.0,8.803895179611821,0,33,5655.0,0.0046262643495160035,734.5494847297668,
XV,BAND,XV,MKVA,837.0763227003607,Mspec,False,,0.9662162162162162,148,0,0.0,,0,33,,,1855.0017383098602,
XV,BAND,XV,MKVA,837.0763227003607,MspecBestK,False,,0.916955017301038,289,12,0.0,8.283068710063759,0,33,,,1398.4506497383118,
XV,BAND,XV,MKVA,837.0763227003607,single-taper,False,,0.757276221856123,1821,14,0.0,1.6883708361610592,0,33,5655.0,1.3929682139652045e-12,238.9698920249939,
XV,BAND,XV,MMBE,278.8651878340524,FastMspec,False,,0.9468085106382979,376,14,0.0,3.3684028049590173,0,33,5820.0,0.030201342169370413,663.9508645534515,
XV,BAND,XV,MMBE,278.8651878340524,Mspec,False,,0.984,125,1,0.0,23.865248261003366,0,33,,,2531.8061678409576,
XV,BAND,XV,MMBE,278.8651878340524,MspecBestK,False,,0.9447368421052632,380,23,0.0,10.665058001986147,0,33,,,538.9786732196808,
XV,BAND,XV,MMBE,278.8651878340524,single-taper,False,,0.5789473684210527,2337,5,0.0,1.5106492740059911,0,33,5820.0,4.018692229495621e-12,698.4822371006012,
XV,BAND,XV,SOLA,603.755137495679,FastMspec,False,,0.9588014981273408,267,0,0.0,,0,33,1620.0,0.001282273114145839,805.006888628006,
XV,BAND,XV,SOLA,603.755137495679,Mspec,False,,0.987012987012987,154,4,0.0,2.693272580321496,0,33,,,2144.5737948417664,
XV,BAND,XV,SOLA,603.755137495679,MspecBestK,False,,0.9581749049429658,263,0,0.0,,0,33,,,865.811116695404,
XV,BAND,XV,SOLA,603.755137495679,single-taper,False,,0.69831013916501,2012,6,0.0,1.4958828387671594,0,33,1620.0,8.428596902936117e-13,470.55418634414673,
XV,BAND,XV,TANS,258.8846946918371,FastMspec,False,,0.9732620320855615,187,6,0.0,inf,0,33,3360.0,0.006640922126247811,378.6356327533722,
XV,BAND,XV,TANS,258.8846946918371,Mspec,False,,0.9903846153846154,104,5,0.0,inf,0,33,,,1411.9484400749207,
XV,BAND,XV,TANS,258.8846946918371,MspecBestK,False,,0.9726775956284153,183,6,0.0,inf,0,33,,,333.1490592956543,
XV,BAND,XV,TANS,258.8846946918371,single-taper,False,,0.7259747391543108,1821,13,0.0,1.4964595374244092,0,33,3360.0,5.830336173110052e-10,410.97090578079224,
XV,BAND,XV,VINA,243.97667943108328,FastMspec,True,0.45000000000000107,0.717391304347826,92,490,0.4375,14.813844763725129,16,33,5415.0,0.00039978855847470055,1649.8988218307495,
XV,BAND,XV,VINA,243.97667943108328,Mspec,False,,0.9384615384615385,65,0,0.0,2.221797456919105,0,33,,,1976.9733686447144,
XV,BAND,XV,VINA,243.97667943108328,MspecBestK,True,0.5000000000000011,0.7395833333333334,96,492,0.4358974358974359,inf,19,33,,,1280.8334686756134,
XV,BAND,XV,VINA,243.97667943108328,single-taper,False,,0.8839024390243903,1025,4,0.0,1.447587920221169,0,33,5415.0,8.983091602425627e-13,139.67451906204224,
XV,BAND,XV,ZAKA,406.4545927849807,FastMspec,False,,0.9137055837563451,197,34,0.0,inf,0,33,4425.0,0.004051262715345796,1171.7007493972778,
XV,BAND,XV,ZAKA,406.4545927849807,Mspec,False,,0.9351851851851852,108,0,0.0,,0,33,,,1994.0075342655182,
XV,BAND,XV,ZAKA,406.4545927849807,MspecBestK,False,,0.9222797927461139,193,35,0.0,inf,0,33,,,1057.7187247276306,
XV,BAND,XV,ZAKA,406.4545927849807,single-taper,False,,0.7220101781170484,1572,6,0.0,2.052828848756671,0,33,4425.0,2.439432474858776e-10,298.0834755897522,
XV,BAND,XV,ZOBE,299.220691149332,FastMspec,True,0.400000000000001,0.803921568627451,102,412,0.4430379746835443,14.462795238544695,20,33,5850.0,0.0023312646806124483,829.050083398819,
XV,BAND,XV,ZOBE,299.220691149332,Mspec,False,,0.972972972972973,74,22,0.0,inf,0,33,,,2578.577572822571,
XV,BAND,XV,ZOBE,299.220691149332,MspecBestK,True,0.7500000000000013,0.7454545454545455,110,341,0.2911392405063291,9.63359238687857,5,33,,,605.6533608436584,
XV,BAND,XV,ZOBE,299.220691149332,single-taper,False,,0.8992042440318302,1131,5,0.0,1.5689857216838614,0,33,5850.0,2.994041940701293e-11,241.32697582244873,
XV,BANJ,XV,BARY,429.40786440199884,FastMspec,False,,0.9319148936170213,235,16,0.0,1.4351520410417042,0,33,3480.0,8.699984887991415e-05,1214.8855090141296,
XV,BANJ,XV,BARY,429.40786440199884,Mspec,False,,0.9925373134328358,134,0,0.0,inf,0,33,,,1434.3817069530487,
XV,BANJ,XV,BARY,429.40786440199884,MspecBestK,False,,0.9383259911894273,227,13,0.0,3.7562006198264553,0,33,,,899.5047600269318,
XV,BANJ,XV,BARY,429.40786440199884,single-taper,False,,0.7224824355971897,1708,28,0.0,1.4407694738604735,0,33,3480.0,1.5803725125925823e-12,410.64561796188354,
XV,BANJ,XV,BATG,630.4486211080945,FastMspec,False,,0.8872180451127819,266,5,0.0,3.044899059928678,0,33,3330.0,0.00019321033699521833,1129.036028623581,
XV,BANJ,XV,BATG,630.4486211080945,Mspec,False,,0.9554140127388535,157,37,0.0,inf,0,33,,,1308.5152368545532,
XV,BANJ,XV,BATG,630.4486211080945,MspecBestK,False,,0.8872180451127819,266,5,0.0,2.998141820325239,0,33,,,922.4992146492004,
XV,BANJ,XV,BATG,630.4486211080945,single-taper,False,,0.7415204678362574,1710,9,0.0,2.0114367602370145,0,33,3330.0,7.188626850720463e-13,454.61679768562317,
XV,BANJ,XV,BERG,233.040368344173,FastMspec,True,0.400000000000001,0.6993865030674846,163,198,0.3333333333333333,13.282716169776831,23,33,3465.0,0.0005791995227467095,1209.8119735717773,
XV,BANJ,XV,BERG,233.040368344173,Mspec,False,,0.9620253164556962,79,14,0.0,31.028006852523056,0,33,,,1524.0957469940186,
XV,BANJ,XV,BERG,233.040368344173,MspecBestK,True,0.6000000000000012,0.6838709677419355,155,189,0.3333333333333333,63.87486794386006,23,33,,,1085.6803057193756,
XV,BANJ,XV,BERG,233.040368344173,single-taper,False,,0.788546255506608,1362,0,0.0,1.248561576326304,0,33,3465.0,5.207488521959386e-13,92.38870477676392,
XV,BANJ,XV,BITY,730.2222009824602,FastMspec,False,,0.9605734767025089,279,28,0.0,21.014904936741495,0,33,3480.0,0.0004941180303104802,1125.7232761383057,
XV,BANJ,XV,BITY,730.2222009824602,Mspec,False,,0.9806451612903225,155,10,0.0,2.9952835085190888,0,33,,,1548.9767155647278,
XV,BANJ,XV,BITY,730.2222009824602,MspecBestK,False,,0.9602888086642599,277,28,0.0,20.826522210310397,0,33,,,1032.896240234375,
XV,BANJ,XV,BITY,730.2222009824602,single-taper,False,,0.76,1675,6,0.0,1.6599620809985434,0,33,3480.0,7.440695076012498e-13,691.2472543716431,
XV,BANJ,XV,BKTA,1207.7661812721587,FastMspec,False,,0.9467312348668281,413,31,0.0,5.428944261263085,0,33,3465.0,0.000662258711186999,1350.0207183361053,
XV,BANJ,XV,BKTA,1207.7661812721587,Mspec,False,,0.9704142011834319,169,18,0.0,3.334788670633198,0,33,,,1574.7437665462494,
XV,BANJ,XV,BKTA,1207.7661812721587,MspecBestK,False,,0.941031941031941,407,30,0.0,5.461373766666521,0,33,,,1022.8608770370483,
XV,BANJ,XV,BKTA,1207.7661812721587,single-taper,False,,0.7768376520359598,1891,2,0.0,1.4756372289164328,0,33,3465.0,6.947908915195051e-13,207.97010350227356,
XV,BANJ,XV,CPSM,1366.7815274845782,FastMspec,False,,0.979498861047836,439,0,0.0,,0,33,3435.0,0.00021581335608459728,961.142828464508,
XV,BANJ,XV,CPSM,1366.7815274845782,Mspec,False,,0.9865470852017937,223,0,0.0,18.761315210760202,0,33,,,1521.641057252884,
XV,BANJ,XV,CPSM,1366.7815274845782,MspecBestK,False,,0.9795918367346939,441,0,0.0,,0,33,,,1022.4346182346344,
XV,BANJ,XV,CPSM,1366.7815274845782,single-taper,False,,0.7375783888084901,2073,10,0.0,1.3229985972544929,0,33,3435.0,7.141168131694431e-13,434.71963000297546,
XV,BANJ,XV,DGOS,180.35903394903633,FastMspec,True,0.7500000000000013,0.5983606557377049,122,321,0.42857142857142855,7.600462876683631,21,33,3225.0,0.0001403190948172702,573.5359315872192,
XV,BANJ,XV,DGOS,180.35903394903633,Mspec,True,0.30000000000000093,0.6935483870967742,62,475,0.71875,inf,32,33,,,1507.7720959186554,
XV,BANJ,XV,DGOS,180.35903394903633,MspecBestK,True,0.7500000000000013,0.5983606557377049,122,321,0.42857142857142855,7.572423507836953,21,33,,,427.16524171829224,
XV,BANJ,XV,DGOS,180.35903394903633,single-taper,False,,0.8107173725151253,1157,2,0.0,1.8293704518945053,0,33,3225.0,9.611771847827676e-13,243.77227687835693,
XV,BANJ,XV,KIRI,820.4968831450287,FastMspec,False,,0.9556786703601108,361,20,0.0,23.59223989980053,0,33,3450.0,0.0035589449223991806,375.7699046134949,
XV,BANJ,XV,KIRI,820.4968831450287,Mspec,False,,0.9915254237288136,118,0,0.0,,0,33,,,1408.7530026435852,
XV,BANJ,XV,KIRI,820.4968831450287,MspecBestK,False,,0.9504132231404959,363,28,0.0,10.030555741347174,0,33,,,270.9912989139557,
XV,BANJ,XV,KIRI,820.4968831450287,single-taper,False,,0.6893434823977165,2102,15,0.0,1.4976908547833119,0,33,3450.0,5.635952096316347e-11,765.8997552394867,
XV,BANJ,XV,LAHA,244.60255248667943,FastMspec,True,0.400000000000001,0.8535031847133758,157,293,0.3188405797101449,34.15858311399143,17,33,3480.0,2.607066747382964e-05,473.6966333389282,
XV,BANJ,XV,LAHA,244.60255248667943,Mspec,True,-0.2999999999999996,0.76,50,277,0.5625,inf,25,33,,,1617.6652584075928,
XV,BANJ,XV,LAHA,244.60255248667943,MspecBestK,True,0.5500000000000012,0.8553459119496856,159,281,0.3188405797101449,18.614221111842816,17,33,,,434.02711248397827,
XV,BANJ,XV,LAHA,244.60255248667943,single-taper,False,,0.7321100917431193,1635,4,0.0,1.3067571251825645,0,33,3480.0,4.760086601864901e-13,416.2800636291504,
XV,BANJ,XV,LONA,1109.245081717978,FastMspec,False,,0.9567567567567568,370,24,0.0,4.836922353356949,0,33,3480.0,7.032544957305965e-05,1122.5124471187592,
XV,BANJ,XV,LONA,1109.245081717978,Mspec,False,,0.9779005524861878,181,2,0.0,1.441924547947204,0,33,,,1366.0999293327332,
XV,BANJ,XV,LONA,1109.245081717978,MspecBestK,False,,0.9578947368421052,380,15,0.0,4.600584927733392,0,33,,,1036.7341585159302,
XV,BANJ,XV,LONA,1109.245081717978,single-taper,False,,0.7256267409470752,2154,2,0.0,1.9560786876985614,0,33,3480.0,1.151177451199059e-12,885.3990089893341,
XV,BANJ,XV,MAGY,633.5380513959244,FastMspec,False,,0.8983739837398373,246,39,0.0,inf,0,33,1890.0,4.467654478738138e-08,854.1541414260864,
XV,BANJ,XV,MAGY,633.5380513959244,Mspec,False,,0.9856115107913669,139,1,0.0,1.090391435260502,0,33,,,2145.222941637039,
XV,BANJ,XV,MAGY,633.5380513959244,MspecBestK,False,,0.9380165289256198,242,37,0.0,inf,0,33,,,870.6071920394897,
XV,BANJ,XV,MAGY,633.5380513959244,single-taper,False,,0.6867275658248254,1861,9,0.0,1.550104349354639,0,33,1890.0,7.174872351839419e-13,565.1940422058105,
XV,BANJ,XV,MAHA,1062.60491611923,FastMspec,False,,0.9484536082474226,388,15,0.0,1.637222055321268,0,33,3480.0,0.00023210897588308907,946.8906049728394,
XV,BANJ,XV,MAHA,1062.60491611923,Mspec,False,,0.9947916666666666,192,0,0.0,,0,33,,,1564.718762397766,
XV,BANJ,XV,MAHA,1062.60491611923,MspecBestK,False,,0.9494949494949495,396,15,0.0,1.6113000094330379,0,33,,,1045.4584121704102,
XV,BANJ,XV,MAHA,1062.60491611923,single-taper,False,,0.7049706039551042,1871,15,0.0,1.2059023776526165,0,33,3480.0,1.3275376390544045e-12,761.7697825431824,
XV,BANJ,XV,MAJA,318.6549199807776,FastMspec,True,-0.4999999999999998,0.8,215,248,0.34177215189873417,6.451879876538318,3,33,3480.0,2.2517811614164017e-05,967.6803984642029,
XV,BANJ,XV,MAJA,318.6549199807776,Mspec,False,,0.9514563106796117,103,114,0.0,inf,0,33,,,1583.2375602722168,
XV,BANJ,XV,MAJA,318.6549199807776,MspecBestK,True,-0.4999999999999998,0.8,215,248,0.34177215189873417,6.440051564038292,5,33,,,1146.3632597923279,
XV,BANJ,XV,MAJA,318.6549199807776,single-taper,False,,0.807103490508267,1633,9,0.0,1.965022164246427,0,33,3480.0,5.951347536391219e-13,207.00417494773865,
XV,BANJ,XV,MKVA,181.97061160461277,FastMspec,True,0.8000000000000014,0.7075471698113207,106,150,0.27848101265822783,11.98209899174035,4,33,3285.0,0.001114655233539039,1052.1308898925781,
XV,BANJ,XV,MKVA,181.97061160461277,Mspec,True,0.45000000000000107,0.7719298245614035,57,361,0.5555555555555556,inf,24,33,,,1593.150894165039,
XV,BANJ,XV,MKVA,181.97061160461277,MspecBestK,True,0.8000000000000014,0.7156862745098039,102,150,0.27848101265822783,14.39206488963946,4,33,,,1000.8175699710846,
XV,BANJ,XV,MKVA,181.97061160461277,single-taper,False,,0.8565140845070423,1136,2,0.0,1.082213650623774,0,33,3285.0,4.060021332132368e-13,82.25099039077759,
XV,BANJ,XV,MMBE,1049.692461028142,FastMspec,False,,0.9784172661870504,556,19,0.0,9.009014064809142,0,33,3480.0,0.0003238930154029513,1102.0338056087494,
XV,BANJ,XV,MMBE,1049.692461028142,Mspec,False,,0.9830508474576272,177,5,0.0,56.35366424539512,0,33,,,1441.174921989441,
XV,BANJ,XV,MMBE,1049.692461028142,MspecBestK,False,,0.9789473684210527,570,14,0.0,8.521301779744865,0,33,,,1020.9523916244507,
XV,BANJ,XV,MMBE,1049.692461028142,single-taper,False,,0.6003976143141153,2515,14,0.0,1.3068698310169409,0,33,3480.0,4.239635008585191e-12,498.0323865413666,
XV,BANJ,XV,SOLA,250.1922473357348,FastMspec,False,,0.9730769230769231,260,11,0.0,inf,0,33,,,50.42652606964111,
XV,BANJ,XV,SOLA,250.1922473357348,Mspec,False,,0.9512195121951219,123,3,0.0,inf,0,33,,,105.84161925315857,
XV,BANJ,XV,SOLA,250.1922473357348,MspecBestK,False,,0.9656488549618321,262,12,0.0,inf,0,33,,,69.11324548721313,
XV,BANJ,XV,SOLA,250.1922473357348,single-taper,False,,0.6754901960784314,2040,2,0.0,1.3174650196868782,0,33,,,507.3074221611023,
XV,BANJ,XV,TANS,594.4055388468802,FastMspec,False,,0.9253112033195021,241,9,0.0,2.0328394836009154,0,33,1575.0,0.0032809873702806286,890.2726256847382,
XV,BANJ,XV,TANS,594.4055388468802,Mspec,False,,0.9884393063583815,173,2,0.0,4.439642591527899,0,33,,,2309.7821180820465,
XV,BANJ,XV,TANS,594.4055388468802,MspecBestK,False,,0.9317269076305221,249,9,0.0,1.9187398360837837,0,33,,,1268.6134305000305,
XV,BANJ,XV,TANS,594.4055388468802,single-taper,False,,0.7405602923264312,1642,8,0.0,1.2833342887118069,0,33,1575.0,1.5013620087931614e-10,283.3359155654907,
XV,BANJ,XV,VINA,611.0299801524429,FastMspec,False,,0.9177631578947368,304,2,0.0,1.750767987859167,0,33,3300.0,0.00010816347929710995,936.9033002853394,
XV,BANJ,XV,VINA,611.0299801524429,Mspec,False,,0.9635036496350365,137,28,0.0,1.9284903851228596,0,33,,,1262.5023393630981,
XV,BANJ,XV,VINA,611.0299801524429,MspecBestK,False,,0.9172185430463576,302,2,0.0,1.7309126675167814,0,33,,,977.5525703430176,
XV,BANJ,XV,VINA,611.0299801524429,single-taper,False,,0.6670005007511267,1997,27,0.0,1.6763937863643463,0,33,3300.0,2.734044199770059e-12,546.2303426265717,
XV,BANJ,XV,ZAKA,467.5305242202006,FastMspec,False,,0.9154228855721394,201,21,0.0,2.335991138127184,0,33,3375.0,9.730383032980016e-05,988.3025288581848,
XV,BANJ,XV,ZAKA,467.5305242202006,Mspec,False,,0.9304347826086956,115,0,0.0,,0,33,,,2449.042382478714,
XV,BANJ,XV,ZAKA,467.5305242202006,MspecBestK,False,,0.9137055837563451,197,21,0.0,2.3839034001786596,0,33,,,1012.4103887081146,
XV,BANJ,XV,ZAKA,467.5305242202006,single-taper,False,,0.7828996282527881,1345,3,0.0,1.8082078552647045,0,33,3375.0,5.021643016239572e-13,260.7249643802643,
XV,BANJ,XV,ZOBE,516.6141770638628,FastMspec,False,,0.9029126213592233,206,9,0.0,16.64588559048886,0,33,3480.0,1.969470645263025e-05,1095.05917429924,
XV,BANJ,XV,ZOBE,516.6141770638628,Mspec,False,,0.9869281045751634,153,3,0.0,1.6585525716696932,0,33,,,1630.9893453121185,
XV,BANJ,XV,ZOBE,516.6141770638628,MspecBestK,False,,0.9086538461538461,208,0,0.0,,0,33,,,601.3971185684204,
XV,BANJ,XV,ZOBE,516.6141770638628,single-taper,False,,0.7779618889809445,1207,5,0.0,2.283932281185957,0,33,3480.0,5.204321376725478e-13,476.4845960140228,
XV,BARY,XV,BATG,201.25434895465966,FastMspec,True,0.7000000000000013,0.7155963302752294,109,479,0.3815789473684211,19.816418948284884,14,33,5430.0,0.0001944328145184522,1491.343362569809,
XV,BARY,XV,BATG,201.25434895465966,Mspec,True,0.5500000000000012,0.6078431372549019,51,488,0.5205479452054794,inf,19,33,,,2515.1897296905518,
XV,BARY,XV,BATG,201.25434895465966,MspecBestK,False,,0.9217391304347826,115,0,0.0,,0,33,,,1169.8693678379059,
XV,BARY,XV,BATG,201.25434895465966,single-taper,False,,0.8563829787234043,940,5,0.0,1.7194710714813735,0,33,5430.0,5.42841720304632e-13,455.0864825248718,
XV,BARY,XV,BERG,196.4395951677022,FastMspec,True,0.6000000000000012,0.8137254901960784,102,111,0.2647058823529412,inf,1,33,5775.0,0.0005038188522555557,615.2943184375763,
XV,BARY,XV,BERG,196.4395951677022,Mspec,True,0.5000000000000011,0.6590909090909091,44,308,0.6481481481481481,21.980861058625642,23,33,,,2616.0873506069183,
XV,BARY,XV,BERG,196.4395951677022,MspecBestK,False,,0.9215686274509803,102,1,0.0,inf,0,33,,,567.7682089805603,
XV,BARY,XV,BERG,196.4395951677022,single-taper,False,,0.8811777076761304,951,0,0.0,1.2169942332462713,0,33,5775.0,7.311843640571128e-13,90.01320266723633,
XV,BARY,XV,BITY,320.18471172530934,FastMspec,True,0.5000000000000011,0.7333333333333333,135,725,0.3924050632911392,13.033446266306782,6,33,5820.0,0.0007658728400919338,762.7079799175262,
XV,BARY,XV,BITY,320.18471172530934,Mspec,False,,0.9358974358974359,78,3,0.0,2.5192463329465333,0,33,,,2566.2455163002014,
XV,BARY,XV,BITY,320.18471172530934,MspecBestK,True,0.5000000000000011,0.7404580152671756,131,725,0.3924050632911392,13.032417796660576,6,33,,,607.5365085601807,
XV,BARY,XV,BITY,320.18471172530934,single-taper,False,,0.8372569089048106,977,2,0.0,1.5782637859629238,0,33,5820.0,5.883988636684068e-13,304.5339138507843,
XV,BARY,XV,BKTA,787.7813147483297,FastMspec,False,,0.9340659340659341,273,19,0.0,inf,0,33,5730.0,0.0007695629202871136,1415.0986490249634,
XV,BARY,XV,BKTA,787.7813147483297,Mspec,False,,0.948905109489051,137,5,0.0,6.851975673669486,0,33,,,2537.9361720085144,
XV,BARY,XV,BKTA,787.7813147483297,MspecBestK,False,,0.933579335793358,271,16,0.0,inf,0,33,,,1227.5925402641296,
XV,BARY,XV,BKTA,787.7813147483297,single-taper,False,,0.8057065217391305,1472,10,0.0,1.9459568811161088,0,33,5730.0,1.126668189621179e-12,247.61973333358765,
XV,BARY,XV,CPSM,945.2566747769753,FastMspec,False,,0.9598765432098766,324,11,0.0,12.40162049671516,0,33,5700.0,0.001600293123417124,596.6957831382751,
XV,BARY,XV,CPSM,945.2566747769753,Mspec,False,,0.9931972789115646,147,2,0.0,20.852021092325828,0,33,,,2509.02259349823,
XV,BARY,XV,CPSM,945.2566747769753,MspecBestK,False,,0.9596273291925466,322,10,0.0,12.511116515223277,0,33,,,552.3986899852753,
XV,BARY,XV,CPSM,945.2566747769753,single-taper,False,,0.7371975239167136,1777,14,0.0,1.4161390316633011,0,33,5700.0,1.245613053361134e-12,555.1605219841003,
XV,BARY,XV,DGOS,607.8950238442383,FastMspec,True,-0.04999999999999938,0.8307086614173228,254,569,0.34285714285714286,4.179629222899733,4,33,4575.0,0.0011637417258777939,667.5679574012756,
XV,BARY,XV,DGOS,607.8950238442383,Mspec,False,,0.9805194805194806,154,18,0.0,7.26956957224424,0,33,,,2013.2231049537659,
XV,BARY,XV,DGOS,607.8950238442383,MspecBestK,True,0.5000000000000011,0.76,250,410,0.30985915492957744,3.7625449356801224,1,33,,,484.98014211654663,
XV,BARY,XV,DGOS,607.8950238442383,single-taper,False,,0.7076749435665914,1772,5,0.0,1.9728735898487937,0,33,4575.0,1.6965146094208097e-12,303.93942761421204,
XV,BARY,XV,KIRI,395.4505889437831,FastMspec,False,,0.968421052631579,190,3,0.0,inf,0,33,3540.0,0.0018510295160998663,1032.736034154892,
XV,BARY,XV,KIRI,395.4505889437831,Mspec,False,,0.9710144927536232,69,10,0.0,inf,0,33,,,2398.8116550445557,
XV,BARY,XV,KIRI,395.4505889437831,MspecBestK,False,,0.9693877551020408,196,3,0.0,inf,0,33,,,1018.3725607395172,
XV,BARY,XV,KIRI,395.4505889437831,single-taper,False,,0.7137809187279152,1698,17,0.0,1.220094595428197,0,33,3540.0,9.499306595297846e-11,714.4263117313385,
XV,BARY,XV,LAHA,444.0962663927243,FastMspec,False,,0.9010416666666666,192,8,0.0,3.1940685581842394,0,33,5820.0,0.0005030728978378281,1262.672038078308,
XV,BARY,XV,LAHA,444.0962663927243,Mspec,False,,0.9615384615384616,130,2,0.0,1.9083960334389338,0,33,,,2406.5625607967377,
XV,BARY,XV,LAHA,444.0962663927243,MspecBestK,False,,0.8956043956043956,182,8,0.0,3.2336992289560853,0,33,,,1275.7868337631226,
XV,BARY,XV,LAHA,444.0962663927243,single-taper,False,,0.786481364497789,1583,5,0.0,3.140033760086185,0,33,5820.0,1.886848683503036e-12,209.6539294719696,
XV,BARY,XV,LONA,679.8736755998339,FastMspec,False,,0.9076923076923077,260,0,0.0,,0,33,5820.0,0.027353977463761708,667.4945688247681,
XV,BARY,XV,LONA,679.8736755998339,Mspec,False,,0.9646017699115044,113,0,0.0,,0,33,,,2584.872866630554,
XV,BARY,XV,LONA,679.8736755998339,MspecBestK,False,,0.9047619047619048,252,0,0.0,,0,33,,,509.9964427947998,
XV,BARY,XV,LONA,679.8736755998339,single-taper,False,,0.7364130434782609,1840,5,0.0,2.222416219350912,0,33,5820.0,1.913606695820474e-12,413.8255355358124,
XV,BARY,XV,MAGY,326.270443994151,FastMspec,False,,0.9444444444444444,198,34,0.0,3.2059402115803026,0,33,1965.0,7.306605382916863e-05,924.2619669437408,
XV,BARY,XV,MAGY,326.270443994151,Mspec,False,,0.987012987012987,77,4,0.0,inf,0,33,,,2225.2585730552673,
XV,BARY,XV,MAGY,326.270443994151,MspecBestK,False,,0.9141414141414141,198,17,0.0,2.900019289835338,0,33,,,918.9781966209412,
XV,BARY,XV,MAGY,326.270443994151,single-taper,False,,0.7275160599571735,1868,16,0.0,1.2912041846208024,0,33,1965.0,2.610470770044169e-12,612.9212429523468,
XV,BARY,XV,MAHA,671.3561208152086,FastMspec,False,,0.9617021276595744,235,0,0.0,,0,33,5745.0,0.0010365112276721452,609.8266718387604,
XV,BARY,XV,MAHA,671.3561208152086,Mspec,False,,0.9931506849315068,146,0,0.0,,0,33,,,2548.9590771198273,
XV,BARY,XV,MAHA,671.3561208152086,MspecBestK,False,,0.9606986899563319,229,0,0.0,,0,33,,,558.774462223053,
XV,BARY,XV,MAHA,671.3561208152086,single-taper,False,,0.7875231624459543,1619,28,0.0,1.4847665841404882,0,33,5745.0,1.7190590406909457e-12,242.62261962890625,
XV,BARY,XV,MAJA,167.88466371787146,FastMspec,True,-0.24999999999999956,0.6814159292035398,113,231,0.34782608695652173,inf,14,33,5805.0,0.0006238940968848978,1734.0055367946625,
XV,BARY,XV,MAJA,167.88466371787146,Mspec,True,0.7000000000000013,0.5454545454545454,55,430,0.6,4.502855862598267,21,33,,,2742.259919643402,
XV,BARY,XV,MAJA,167.88466371787146,MspecBestK,True,-0.24999999999999956,0.6697247706422018,109,231,0.34782608695652173,inf,14,33,,,1440.671941280365,
XV,BARY,XV,MAJA,167.88466371787146,single-taper,False,,0.8924050632911392,790,3,0.0,1.7985252744508744,0,33,5805.0,1.620376912038376e-11,62.75047326087952,
XV,BARY,XV,MKVA,482.14653205255723,FastMspec,False,,0.9197860962566845,187,22,0.0,9.014944239042354,0,33,5550.0,0.0012722880158780433,581.1695439815521,
XV,BARY,XV,MKVA,482.14653205255723,Mspec,False,,0.9913793103448276,116,4,0.0,20.66181858491555,0,33,,,2411.974830389023,
XV,BARY,XV,MKVA,482.14653205255723,MspecBestK,False,,0.9319371727748691,191,11,0.0,4.2748957233807685,0,33,,,668.7514410018921,
XV,BARY,XV,MKVA,482.14653205255723,single-taper,False,,0.8327024981074943,1321,16,0.0,1.7867473235653613,0,33,5550.0,1.6446123243223193e-12,655.8932456970215,
XV,BARY,XV,MMBE,625.3936580864654,FastMspec,False,,0.9635036496350365,548,13,0.0,19.140112971614606,0,33,5820.0,0.005219374745008154,590.2606990337372,
XV,BARY,XV,MMBE,625.3936580864654,Mspec,False,,0.9835164835164835,182,16,0.0,1.3192051852893483,0,33,,,2534.336656808853,
XV,BARY,XV,MMBE,625.3936580864654,MspecBestK,False,,0.9649446494464945,542,6,0.0,23.548256609508368,0,33,,,602.3916437625885,
XV,BARY,XV,MMBE,625.3936580864654,single-taper,False,,0.5923202614379085,2448,14,0.0,1.3377869216718314,0,33,5820.0,3.8202174030828324e-12,535.7475912570953,
XV,BARY,XV,SOLA,256.1978732058687,FastMspec,True,0.05000000000000071,0.9004524886877828,221,144,0.22077922077922077,22.253284569210305,1,33,1620.0,0.0004520034491572642,907.1560399532318,
XV,BARY,XV,SOLA,256.1978732058687,Mspec,True,-0.34999999999999964,0.8933333333333333,75,238,0.4074074074074074,inf,14,33,,,2472.4202649593353,
XV,BARY,XV,SOLA,256.1978732058687,MspecBestK,True,0.05000000000000071,0.919431279620853,211,215,0.2597402597402597,34.196486542974355,1,33,,,868.8961682319641,
XV,BARY,XV,SOLA,256.1978732058687,single-taper,False,,0.7205966724039014,1743,4,0.0,2.114408778318748,0,33,1620.0,2.8584049054796927e-12,271.12141251564026,
XV,BARY,XV,TANS,206.20546832615503,FastMspec,False,,0.9421487603305785,121,0,0.0,,0,33,3195.0,0.0024758549930717216,1060.319254875183,
XV,BARY,XV,TANS,206.20546832615503,Mspec,True,0.5000000000000011,0.7941176470588235,68,243,0.29577464788732394,27.74825000515834,4,33,,,1477.1571793556213,
XV,BARY,XV,TANS,206.20546832615503,MspecBestK,False,,0.9411764705882353,119,0,0.0,,0,33,,,1217.5076823234558,
XV,BARY,XV,TANS,206.20546832615503,single-taper,False,,0.8969534050179212,1116,5,0.0,1.2991469567118141,0,33,3195.0,1.8045156141337413e-10,166.49348974227905,
XV,BARY,XV,VINA,205.144838135579,FastMspec,True,0.6500000000000012,0.8627450980392157,102,206,0.31746031746031744,inf,18,33,5415.0,0.000271302541609296,1353.6446373462677,
XV,BARY,XV,VINA,205.144838135579,Mspec,True,0.350000000000001,0.8148148148148148,54,229,0.328125,inf,16,33,,,2070.5730521678925,
XV,BARY,XV,VINA,205.144838135579,MspecBestK,True,0.350000000000001,0.88,100,225,0.31746031746031744,inf,18,33,,,1267.2522020339966,
XV,BARY,XV,VINA,205.144838135579,single-taper,False,,0.859086491739553,1029,8,0.0,1.6335466607863598,0,33,5415.0,2.2476918491066538e-12,214.09717273712158,
XV,BARY,XV,ZAKA,181.6573090269623,FastMspec,True,0.8000000000000014,0.8415841584158416,101,171,0.24675324675324675,20.13167655862422,8,33,4425.0,0.0018178246200462134,1256.504893064499,
XV,BARY,XV,ZAKA,181.6573090269623,Mspec,True,0.400000000000001,0.8,45,256,0.5892857142857143,inf,24,33,,,2015.4419496059418,
XV,BARY,XV,ZAKA,181.6573090269623,MspecBestK,True,0.8000000000000014,0.8350515463917526,97,171,0.24675324675324675,20.14703911882226,9,33,,,1182.4625589847565,
XV,BARY,XV,ZAKA,181.6573090269623,single-taper,False,,0.9087912087912088,910,2,0.0,1.7290551679284127,0,33,4425.0,1.8582188797153068e-10,84.453946352005,
XV,BARY,XV,ZOBE,112.99145520680683,FastMspec,False,,0.9113924050632911,79,8,0.0,2.6360257125012208,0,33,5820.0,0.0005115366395132403,1507.1124792099,
XV,BARY,XV,ZOBE,112.99145520680683,Mspec,True,0.20000000000000084,0.851063829787234,47,166,0.4262295081967213,inf,22,33,,,2569.223661184311,
XV,BARY,XV,ZOBE,112.99145520680683,MspecBestK,True,0.8000000000000014,0.7654320987654321,81,275,0.38461538461538464,52.97188124878944,1,33,,,1204.1976635456085,
XV,BARY,XV,ZOBE,112.99145520680683,single-taper,False,,0.8398328690807799,718,5,0.0,1.6595011856479212,0,33,5820.0,2.240584590287141e-11,215.45323872566223,
XV,BATG,XV,BERG,397.408439505775,FastMspec,True,0.30000000000000093,0.7906976744186046,172,313,0.2857142857142857,9.367663170269473,7,33,5415.0,0.00021370619915165397,690.7112286090851,
XV,BATG,XV,BERG,397.408439505775,Mspec,False,,0.9239130434782609,92,26,0.0,201.53641715164702,0,33,,,2233.90128326416,
XV,BATG,XV,BERG,397.408439505775,MspecBestK,True,0.30000000000000093,0.7988505747126436,174,313,0.2857142857142857,9.267258158326714,7,33,,,608.7693293094635,
XV,BATG,XV,BERG,397.408439505775,single-taper,False,,0.7762630312750601,1247,3,0.0,1.8946390194252922,0,33,5415.0,1.731891663018193e-13,257.1912205219269,
XV,BATG,XV,BITY,156.66686417707885,FastMspec,True,0.7000000000000013,0.8613861386138614,101,142,0.2638888888888889,19.132331805219486,19,33,5430.0,0.00015061051962793164,1456.4383254051208,
XV,BATG,XV,BITY,156.66686417707885,Mspec,True,0.7500000000000013,0.6428571428571429,42,170,0.49056603773584906,inf,24,33,,,2405.745233774185,
XV,BATG,XV,BITY,156.66686417707885,MspecBestK,True,0.7000000000000013,0.8640776699029126,103,142,0.2638888888888889,19.033046717983794,19,33,,,1377.2377669811249,
XV,BATG,XV,BITY,156.66686417707885,single-taper,False,,0.8528557599225557,1033,2,0.0,1.3859703665252863,0,33,5430.0,5.883060202326599e-13,497.502064704895,
XV,BATG,XV,BKTA,592.1235537140253,FastMspec,False,,0.9702970297029703,202,2,0.0,inf,0,33,5430.0,0.0001393047432245276,1305.7300622463226,
XV,BATG,XV,BKTA,592.1235537140253,Mspec,False,,0.9936708860759493,158,46,0.0,inf,0,33,,,2387.510066986084,
XV,BATG,XV,BKTA,592.1235537140253,MspecBestK,False,,0.9554455445544554,202,2,0.0,inf,0,33,,,1167.4065506458282,
XV,BATG,XV,BKTA,592.1235537140253,single-taper,False,,0.8136363636363636,1320,9,0.0,1.3084264878051446,0,33,5430.0,2.8659212339979983e-13,263.8031551837921,
XV,BATG,XV,CPSM,747.8939696228381,FastMspec,False,,0.9011857707509882,253,19,0.0,2.5952084297595035,0,33,5430.0,0.00021029492012453568,1497.1773083209991,
XV,BATG,XV,CPSM,747.8939696228381,Mspec,False,,0.9769230769230769,130,3,0.0,5.6412254598321505,0,33,,,2396.6147997379303,
XV,BATG,XV,CPSM,747.8939696228381,MspecBestK,False,,0.9130434782608695,253,13,0.0,2.809297769815097,0,33,,,1280.6990280151367,
XV,BATG,XV,CPSM,747.8939696228381,single-taper,False,,0.745475113122172,1768,17,0.0,1.793751684369148,0,33,5430.0,3.0974074133237506e-13,565.1739983558655,
XV,BATG,XV,DGOS,808.2897318371334,FastMspec,False,,0.9411764705882353,306,0,0.0,,0,33,4260.0,0.0005067695981994138,408.7594647407532,
XV,BATG,XV,DGOS,808.2897318371334,Mspec,False,,0.9932885906040269,149,0,0.0,,0,33,,,1860.4595212936401,
XV,BATG,XV,DGOS,808.2897318371334,MspecBestK,False,,0.9407894736842105,304,0,0.0,,0,33,,,391.10735750198364,
XV,BATG,XV,DGOS,808.2897318371334,single-taper,False,,0.7406605305901461,1847,33,0.0,1.281533170989233,0,33,4260.0,4.4727349449282775e-13,667.6235568523407,
XV,BATG,XV,KIRI,207.66481711310567,FastMspec,True,0.45000000000000107,0.8376068376068376,117,254,0.28205128205128205,7.93486435771643,1,33,3315.0,0.0016373627210286522,394.8280782699585,
XV,BATG,XV,KIRI,207.66481711310567,Mspec,False,,0.9230769230769231,39,0,0.0,,0,33,,,1362.0638740062714,
XV,BATG,XV,KIRI,207.66481711310567,MspecBestK,True,0.45000000000000107,0.8376068376068376,117,254,0.28205128205128205,7.927534643439013,1,33,,,339.5462763309479,
XV,BATG,XV,KIRI,207.66481711310567,single-taper,False,,0.7911392405063291,1422,5,0.0,1.1824843187859124,0,33,3315.0,5.97759227578809e-11,274.04965138435364,
XV,BATG,XV,LAHA,618.77532979281,FastMspec,False,,0.9111111111111111,270,22,0.0,3.332836254690861,0,33,5430.0,0.00026578162772066287,583.6568832397461,
XV,BATG,XV,LAHA,618.77532979281,Mspec,False,,0.9915966386554622,119,7,0.0,inf,0,33,,,2389.8931832313538,
XV,BATG,XV,LAHA,618.77532979281,MspecBestK,False,,0.916058394160584,274,23,0.0,2.2624788207354922,0,33,,,513.6457171440125,
XV,BATG,XV,LAHA,618.77532979281,single-taper,False,,0.7306805074971164,1734,3,0.0,1.8598193291896703,0,33,5430.0,4.663493727551473e-13,462.6479911804199,
XV,BATG,XV,LONA,478.8385543092775,FastMspec,True,0.8000000000000014,0.7681159420289855,207,368,0.25316455696202533,1.7125576855561482,2,33,5430.0,0.022091479446364328,1340.6432287693024,
XV,BATG,XV,LONA,478.8385543092775,Mspec,False,,0.8888888888888888,99,5,0.0,17.760548802513537,0,33,,,3258.4595472812653,
XV,BATG,XV,LONA,478.8385543092775,MspecBestK,True,0.8000000000000014,0.7746478873239436,213,368,0.25316455696202533,1.7145224289384133,2,33,,,992.1302547454834,
XV,BATG,XV,LONA,478.8385543092775,single-taper,False,,0.7557632398753894,1605,3,0.0,2.0153624409418747,0,33,5430.0,6.070888633630413e-13,389.36217999458313,
XV,BATG,XV,MAGY,297.3412350651391,FastMspec,False,,0.9395604395604396,182,2,0.0,21.415202270303,0,33,1740.0,1.1200669603553203e-08,217.6100468635559,
XV,BATG,XV,MAGY,297.3412350651391,Mspec,False,,0.990990990990991,111,0,0.0,,0,33,,,723.7044942378998,
XV,BATG,XV,MAGY,297.3412350651391,MspecBestK,False,,0.9375,176,2,0.0,21.478786265596298,0,33,,,141.22400093078613,
XV,BATG,XV,MAGY,297.3412350651391,single-taper,False,,0.7254073627036813,1657,13,0.0,1.3617418652488744,0,33,1740.0,5.827392814903791e-13,403.772180557251,
XV,BATG,XV,MAHA,502.15932449623773,FastMspec,False,,0.916256157635468,203,96,0.0,inf,0,33,5430.0,5.9602949565679995e-05,1378.3866972923279,
XV,BATG,XV,MAHA,502.15932449623773,Mspec,False,,0.9712230215827338,139,8,0.0,1.1785513463105455,0,33,,,2437.0872633457184,
XV,BATG,XV,MAHA,502.15932449623773,MspecBestK,False,,0.9004739336492891,211,16,0.0,1.4800691258491916,0,33,,,1138.5223660469055,
XV,BATG,XV,MAHA,502.15932449623773,single-taper,False,,0.7457088366179275,1573,32,0.0,1.383624355111923,0,33,5430.0,7.650814868205557e-13,758.7580044269562,
XV,BATG,XV,MAJA,350.7726185392653,FastMspec,False,,0.7707006369426752,157,26,0.0,inf,0,33,5430.0,0.00039075982119475734,1342.385669708252,
XV,BATG,XV,MAJA,350.7726185392653,Mspec,False,,0.8913043478260869,92,80,0.0,13.550838602101223,0,33,,,2277.59028172493,
XV,BATG,XV,MAJA,350.7726185392653,MspecBestK,False,,0.7735849056603774,159,26,0.0,inf,0,33,,,1413.9518229961395,
XV,BATG,XV,MAJA,350.7726185392653,single-taper,False,,0.8454545454545455,880,10,0.0,1.1886245948543954,0,33,5430.0,6.502403603749075e-11,156.71454906463623,
XV,BATG,XV,MKVA,669.6512152823844,FastMspec,False,,0.9017857142857143,224,21,0.0,inf,0,33,5385.0,0.000906542948393391,647.0341529846191,
XV,BATG,XV,MKVA,669.6512152823844,Mspec,False,,0.9782608695652174,138,5,0.0,1.2380369413659094,0,33,,,2202.7953295707703,
XV,BATG,XV,MKVA,669.6512152823844,MspecBestK,False,,0.9017857142857143,224,11,0.0,inf,0,33,,,536.1536500453949,
XV,BATG,XV,MKVA,669.6512152823844,single-taper,False,,0.7539015606242497,1666,2,0.0,1.7455191779673758,0,33,5385.0,5.139836521982686e-13,794.2014875411987,
XV,BATG,XV,MMBE,433.69466548515464,FastMspec,False,,0.9635974304068522,467,4,0.0,2.4141220891877726,0,33,5430.0,0.0043857527929499285,1253.0741834640503,
XV,BATG,XV,MMBE,433.69466548515464,Mspec,False,,0.9939024390243902,164,0,0.0,,0,33,,,2368.6242003440857,
XV,BATG,XV,MMBE,433.69466548515464,MspecBestK,False,,0.9664570230607966,477,15,0.0,2.8505123552759626,0,33,,,1231.4506132602692,
XV,BATG,XV,MMBE,433.69466548515464,single-taper,False,,0.56738768718802,2404,7,0.0,1.9192097362364842,0,33,5430.0,3.539546926011113e-12,643.7704734802246,
XV,BATG,XV,SOLA,436.8239470073757,FastMspec,False,,0.9683257918552036,221,0,0.0,,0,33,1380.0,2.4559471828865103e-08,868.7376551628113,
XV,BATG,XV,SOLA,436.8239470073757,Mspec,False,,0.937007874015748,127,0,0.0,20.120665807954353,0,33,,,527.3295867443085,
XV,BATG,XV,SOLA,436.8239470073757,MspecBestK,False,,0.967741935483871,217,0,0.0,,0,33,,,819.5819962024689,
XV,BATG,XV,SOLA,436.8239470073757,single-taper,False,,0.7078713968957872,1804,12,0.0,2.1819054934141593,0,33,1380.0,1.0941924015491669e-12,586.0117189884186,
XV,BATG,XV,TANS,143.55967627766054,FastMspec,True,0.45000000000000107,0.8347826086956521,115,236,0.32432432432432434,59.31162156720836,20,33,3030.0,0.003054957170464661,1033.5545608997345,
XV,BATG,XV,TANS,143.55967627766054,Mspec,True,0.2500000000000009,0.8148148148148148,54,230,0.2702702702702703,inf,13,33,,,2630.7042825222015,
XV,BATG,XV,TANS,143.55967627766054,MspecBestK,True,0.45000000000000107,0.8571428571428571,119,236,0.32432432432432434,59.412330093644385,20,33,,,1054.5413143634796,
XV,BATG,XV,TANS,143.55967627766054,single-taper,False,,0.8422575976845152,1382,3,0.0,1.3890147730591111,0,33,3030.0,3.830351508518177e-10,166.87502098083496,
XV,BATG,XV,VINA,127.99750390632725,FastMspec,True,0.7500000000000013,0.6388888888888888,72,216,0.4166666666666667,inf,23,33,5400.0,3.496988369841759e-05,712.2344944477081,
XV,BATG,XV,VINA,127.99750390632725,Mspec,True,0.30000000000000093,0.7058823529411765,34,224,0.5882352941176471,inf,26,33,,,2454.780809879303,
XV,BATG,XV,VINA,127.99750390632725,MspecBestK,True,0.7500000000000013,0.6842105263157895,76,216,0.4305555555555556,inf,23,33,,,599.9108157157898,
XV,BATG,XV,VINA,127.99750390632725,single-taper,False,,0.8796296296296297,1080,0,0.0,,0,33,5400.0,7.640097481119432e-13,266.99551248550415,
XV,BATG,XV,ZAKA,262.3556837625424,FastMspec,False,,0.9090909090909091,99,18,0.0,inf,0,33,4380.0,0.0018015431387763314,1204.8470306396484,
XV,BATG,XV,ZAKA,262.3556837625424,Mspec,False,,0.9454545454545454,55,0,0.0,,0,33,,,1994.5680212974548,
XV,BATG,XV,ZAKA,262.3556837625424,MspecBestK,False,,0.9090909090909091,99,18,0.0,inf,0,33,,,1120.046345949173,
XV,BATG,XV,ZAKA,262.3556837625424,single-taper,False,,0.8943466172381835,1079,12,0.0,1.6712929313612408,0,33,4380.0,2.0923111014838244e-10,52.66429877281189,
XV,BATG,XV,ZOBE,137.3643641980309,FastMspec,True,0.5000000000000011,0.7272727272727273,66,233,0.5972222222222222,inf,32,33,5430.0,0.0006129140810516524,635.652158498764,
XV,BATG,XV,ZOBE,137.3643641980309,Mspec,True,6.661338147750939e-16,0.7954545454545454,44,198,0.4722222222222222,37.85901169758083,17,33,,,2241.666892528534,
XV,BATG,XV,ZOBE,137.3643641980309,MspecBestK,True,0.7000000000000013,0.7058823529411765,68,194,0.4722222222222222,inf,26,33,,,591.8637447357178,
XV,BATG,XV,ZOBE,137.3643641980309,single-taper,False,,0.9135802469135802,810,3,0.0,221.87530166184897,0,33,5430.0,2.3465307424640285e-11,54.09380865097046,
XV,BERG,XV,BITY,502.6493986013388,FastMspec,True,-0.24999999999999956,0.8064516129032258,155,553,0.3157894736842105,inf,2,33,5775.0,0.00044092447026558183,1562.885532617569,
XV,BERG,XV,BITY,502.6493986013388,Mspec,False,,0.9923664122137404,131,0,0.0,,0,33,,,2016.268231868744,
XV,BERG,XV,BITY,502.6493986013388,MspecBestK,True,0.350000000000001,0.6942675159235668,157,634,0.34210526315789475,6.211373196948653,3,33,,,1351.4481935501099,
XV,BERG,XV,BITY,502.6493986013388,single-taper,False,,0.8066132264529058,998,4,0.0,1.2167306035503245,0,33,5775.0,3.53349291367302e-13,382.0012354850769,
XV,BERG,XV,BKTA,978.0599669664796,FastMspec,False,,0.9248366013071896,306,18,0.0,4.807010964468389,0,33,5700.0,0.0004391246138980815,1215.0989727973938,
XV,BERG,XV,BKTA,978.0599669664796,Mspec,False,,0.994535519125683,183,0,0.0,21.283472495630562,0,33,,,2516.7921884059906,
XV,BERG,XV,BKTA,978.0599669664796,MspecBestK,False,,0.9258064516129032,310,17,0.0,4.580644667667179,0,33,,,1409.3180372714996,
XV,BERG,XV,BKTA,978.0599669664796,single-taper,False,,0.7842415316642121,1358,9,0.0,2.1389104259893617,0,33,5700.0,1.7973499658048262e-13,827.5989305973053,
XV,BERG,XV,CPSM,1136.5872715231799,FastMspec,False,,0.9327731092436975,357,2,0.0,24.630080215349608,0,33,5670.0,0.000816947078538043,586.4727563858032,
XV,BERG,XV,CPSM,1136.5872715231799,Mspec,False,,0.993006993006993,143,4,0.0,inf,0,33,,,2327.4583642482758,
XV,BERG,XV,CPSM,1136.5872715231799,MspecBestK,False,,0.9348441926345609,353,3,0.0,24.808937241187166,0,33,,,528.6538789272308,
XV,BERG,XV,CPSM,1136.5872715231799,single-taper,False,,0.8102501525320317,1639,10,0.0,1.2593298009274996,0,33,5670.0,8.821513966474171e-14,592.5201811790466,
XV,BERG,XV,DGOS,411.59311833541506,FastMspec,False,,0.9118942731277533,227,0,0.0,,0,33,4545.0,0.00043907853603179596,445.79882860183716,
XV,BERG,XV,DGOS,411.59311833541506,Mspec,False,,0.9558823529411765,136,0,0.0,,0,33,,,1968.738445520401,
XV,BERG,XV,DGOS,411.59311833541506,MspecBestK,False,,0.9082969432314411,229,0,0.0,,0,33,,,462.12802505493164,
XV,BERG,XV,DGOS,411.59311833541506,single-taper,False,,0.7206068268015171,1582,11,0.0,1.6900854888776602,0,33,4545.0,1.495568667213141e-13,465.8530423641205,
XV,BERG,XV,KIRI,589.6247949104951,FastMspec,False,,0.9094488188976378,254,11,0.0,inf,0,33,3510.0,0.0026229121763895525,411.2913839817047,
XV,BERG,XV,KIRI,589.6247949104951,Mspec,False,,0.9689922480620154,129,2,0.0,inf,0,33,,,1535.8934073448181,
XV,BERG,XV,KIRI,589.6247949104951,MspecBestK,False,,0.9108527131782945,258,11,0.0,inf,0,33,,,330.8995621204376,
XV,BERG,XV,KIRI,589.6247949104951,single-taper,False,,0.7406387665198237,1816,8,0.0,2.2190670224272258,0,33,3510.0,6.679978336682194e-11,283.8243007659912,
XV,BERG,XV,LAHA,294.59505076956435,FastMspec,True,0.400000000000001,0.8378378378378378,148,202,0.24,8.793902869705077,2,33,5775.0,1.1508851282606455e-05,1467.7579092979431,
XV,BERG,XV,LAHA,294.59505076956435,Mspec,False,,0.989010989010989,91,0,0.0,inf,0,33,,,2582.534296989441,
XV,BERG,XV,LAHA,294.59505076956435,MspecBestK,False,,0.9142857142857143,140,6,0.0,1.5827508917896658,0,33,,,1226.0413312911987,
XV,BERG,XV,LAHA,294.59505076956435,single-taper,False,,0.8495645288994458,1263,7,0.0,2.2006147476294053,0,33,5775.0,2.3258079871451333e-13,106.17793107032776,
XV,BERG,XV,LONA,876.211141561024,FastMspec,False,,0.9166666666666666,324,0,0.0,,0,33,5775.0,0.031001059962555918,606.9965360164642,
XV,BERG,XV,LONA,876.211141561024,Mspec,False,,0.9784172661870504,139,14,0.0,inf,0,33,,,2381.664214849472,
XV,BERG,XV,LONA,876.211141561024,MspecBestK,False,,0.9196428571428571,336,0,0.0,,0,33,,,563.9162533283234,
XV,BERG,XV,LONA,876.211141561024,single-taper,False,,0.7163384779137839,1879,12,0.0,1.2895328610576402,0,33,5775.0,7.909499451155534e-13,739.545979976654,
XV,BERG,XV,MAGY,439.63107647790196,FastMspec,True,0.400000000000001,0.7740585774058577,239,681,0.4507042253521127,6.359100540903949,13,33,1935.0,7.40532636960653e-05,556.5658512115479,
XV,BERG,XV,MAGY,439.63107647790196,Mspec,False,,0.9747899159663865,119,7,0.0,2.5797651208946295,0,33,,,849.8750224113464,
XV,BERG,XV,MAGY,439.63107647790196,MspecBestK,True,0.400000000000001,0.7918367346938775,245,681,0.4507042253521127,6.24290244814828,13,33,,,502.7287108898163,
XV,BERG,XV,MAGY,439.63107647790196,single-taper,False,,0.7421140011068068,1807,11,0.0,1.30058784955498,0,33,1935.0,4.52481090592218e-13,429.6125702857971,
XV,BERG,XV,MAHA,844.1503460886915,FastMspec,False,,0.9488817891373802,313,0,0.0,,0,33,5715.0,0.0005300135598908793,1404.2584664821625,
XV,BERG,XV,MAHA,844.1503460886915,Mspec,False,,0.9832402234636871,179,2,0.0,inf,0,33,,,2369.0777447223663,
XV,BERG,XV,MAHA,844.1503460886915,MspecBestK,False,,0.9501557632398754,321,0,0.0,,0,33,,,1296.8168454170227,
XV,BERG,XV,MAHA,844.1503460886915,single-taper,False,,0.7979207277452891,1539,2,0.0,1.5358021686076722,0,33,5715.0,8.998945514688579e-13,356.9669990539551,
XV,BERG,XV,MAJA,129.74306574259023,FastMspec,True,0.05000000000000071,0.37962962962962965,108,172,0.5616438356164384,inf,26,33,5775.0,0.00035576508921836904,1718.318747997284,
XV,BERG,XV,MAJA,129.74306574259023,Mspec,True,0.400000000000001,0.8484848484848485,66,80,0.323943661971831,inf,6,33,,,2370.867217540741,
XV,BERG,XV,MAJA,129.74306574259023,MspecBestK,True,0.05000000000000071,0.37962962962962965,108,172,0.5616438356164384,inf,26,33,,,1418.6005175113678,
XV,BERG,XV,MAJA,129.74306574259023,single-taper,False,,0.9098474341192788,721,0,0.0,,0,33,5775.0,2.5464994910415632e-11,54.43297266960144,
XV,BERG,XV,MKVA,306.8074221060908,FastMspec,True,0.5000000000000011,0.736,125,448,0.3888888888888889,13.881805945083114,16,33,5520.0,0.00017228982485405052,793.1368744373322,
XV,BERG,XV,MKVA,306.8074221060908,Mspec,False,,0.9818181818181818,55,0,0.0,,0,33,,,2436.7675070762634,
XV,BERG,XV,MKVA,306.8074221060908,MspecBestK,True,0.5000000000000011,0.7272727272727273,121,471,0.4444444444444444,13.134956854871506,18,33,,,1482.808009147644,
XV,BERG,XV,MKVA,306.8074221060908,single-taper,False,,0.8134453781512605,1190,13,0.0,1.30655772979654,0,33,5520.0,1.9005328765907638e-13,161.68562698364258,
XV,BERG,XV,MMBE,819.4055775302985,FastMspec,False,,0.9513184584178499,493,14,0.0,3.447469151048279,0,33,5775.0,0.002463980476611634,584.9261727333069,
XV,BERG,XV,MMBE,819.4055775302985,Mspec,False,,0.9789915966386554,238,6,0.0,5.649724306365587,0,33,,,2571.4676520824432,
XV,BERG,XV,MMBE,819.4055775302985,MspecBestK,False,,0.944558521560575,487,15,0.0,3.3101619984074433,0,33,,,742.8119170665741,
XV,BERG,XV,MMBE,819.4055775302985,single-taper,False,,0.605164514785506,2401,14,0.0,1.183346572515641,0,33,5775.0,3.083194560995113e-12,525.93891954422,
XV,BERG,XV,SOLA,132.1107627295407,FastMspec,False,,0.963855421686747,83,14,0.0,inf,0,33,1620.0,4.119112485581497e-08,826.8507878780365,
XV,BERG,XV,SOLA,132.1107627295407,Mspec,False,,0.918918918918919,37,19,0.0,inf,0,33,,,2379.453378677368,
XV,BERG,XV,SOLA,132.1107627295407,MspecBestK,False,,0.9647058823529412,85,14,0.0,inf,0,33,,,849.8789155483246,
XV,BERG,XV,SOLA,132.1107627295407,single-taper,False,,0.9164926931106472,958,0,0.0,,0,33,1620.0,5.666425245185586e-13,59.405187129974365,
XV,BERG,XV,TANS,371.2133680479069,FastMspec,False,,0.9207920792079208,202,40,0.0,2.269640119095725,0,33,3165.0,0.0019089903908949036,1100.4453401565552,
XV,BERG,XV,TANS,371.2133680479069,Mspec,False,,0.9659090909090909,88,2,0.0,23.601277887116623,0,33,,,1366.6637411117554,
XV,BERG,XV,TANS,371.2133680479069,MspecBestK,False,,0.9166666666666666,192,45,0.0,2.5025342858561554,0,33,,,908.785261631012,
XV,BERG,XV,TANS,371.2133680479069,single-taper,False,,0.7131782945736435,1419,11,0.0,1.2165856282214795,0,33,3165.0,3.5384939531145944e-11,578.8070359230042,
XV,BERG,XV,VINA,385.6766398280166,FastMspec,True,-0.34999999999999964,0.8527918781725888,197,434,0.4025974025974026,4.6861745535980575,17,33,5400.0,0.00016795684173475376,847.5047149658203,
XV,BERG,XV,VINA,385.6766398280166,Mspec,False,,0.8860759493670886,79,0,0.0,,0,33,,,2204.4460575580597,
XV,BERG,XV,VINA,385.6766398280166,MspecBestK,True,-0.34999999999999964,0.8522167487684729,203,434,0.4025974025974026,4.274419691326885,18,33,,,909.4715716838837,
XV,BERG,XV,VINA,385.6766398280166,single-taper,False,,0.7614804660726525,1459,8,0.0,1.6412713288881735,0,33,5400.0,1.1857235150340566e-12,157.8380627632141,
XV,BERG,XV,ZAKA,265.93568330853736,FastMspec,True,0.05000000000000071,0.7946428571428571,112,315,0.3194444444444444,inf,18,33,4410.0,0.0015337268031259557,1247.028217792511,
XV,BERG,XV,ZAKA,265.93568330853736,Mspec,True,0.5500000000000012,0.8428571428571429,70,211,0.2459016393442623,5.187122640438933,4,33,,,1980.8801624774933,
XV,BERG,XV,ZAKA,265.93568330853736,MspecBestK,True,0.6000000000000012,0.7368421052631579,114,269,0.3333333333333333,13.282678894324158,19,33,,,1240.3843648433685,
XV,BERG,XV,ZAKA,265.93568330853736,single-taper,False,,0.7991561181434599,1185,5,0.0,1.4182757513329665,0,33,4410.0,1.7590490028327102e-10,132.7317304611206,
XV,BERG,XV,ZOBE,287.4635551248718,FastMspec,True,0.6000000000000012,0.5978260869565217,92,715,0.43037974683544306,9.631204239659793,15,33,5775.0,0.00043695689488381826,1826.6364469528198,
XV,BERG,XV,ZOBE,287.4635551248718,Mspec,True,0.5000000000000011,0.8552631578947368,76,179,0.375,20.919001940051995,26,33,,,2639.8416526317596,
XV,BERG,XV,ZOBE,287.4635551248718,MspecBestK,True,0.6000000000000012,0.5978260869565217,92,715,0.43037974683544306,9.633014403019455,15,33,,,1645.605928659439,
XV,BERG,XV,ZOBE,287.4635551248718,single-taper,False,,0.9153225806451613,744,5,0.0,1.2280310491827944,0,33,5775.0,7.127072514853366e-12,80.39830207824707,
XV,BITY,XV,BKTA,478.2207678185678,FastMspec,False,,0.9162303664921466,191,0,0.0,,0,33,5775.0,0.0003447921663892341,618.7176337242126,
XV,BITY,XV,BKTA,478.2207678185678,Mspec,False,,0.9933774834437086,151,9,0.0,inf,0,33,,,2532.216690301895,
XV,BITY,XV,BKTA,478.2207678185678,MspecBestK,False,,0.9251336898395722,187,3,0.0,inf,0,33,,,1318.69593334198,
XV,BITY,XV,BKTA,478.2207678185678,single-taper,False,,0.7838461538461539,1300,3,0.0,2.152375913911421,0,33,5775.0,4.710369385614946e-13,215.54092931747437,
XV,BITY,XV,CPSM,637.6147444231465,FastMspec,True,0.7500000000000013,0.639344262295082,244,461,0.2987012987012987,3.525153611844149,7,33,5745.0,0.0005785263865840977,904.6225497722626,
XV,BITY,XV,CPSM,637.6147444231465,Mspec,False,,0.9930555555555556,144,7,0.0,23.01682132245598,0,33,,,2531.9349133968353,
XV,BITY,XV,CPSM,637.6147444231465,MspecBestK,True,0.7500000000000013,0.6416666666666667,240,461,0.2987012987012987,3.5242477432340706,7,33,,,1420.6775214672089,
XV,BITY,XV,CPSM,637.6147444231465,single-taper,False,,0.7721354166666666,1536,26,0.0,1.5227048002388677,0,33,5745.0,6.101631452817592e-13,718.9981591701508,
XV,BITY,XV,DGOS,900.8281580229902,FastMspec,False,,0.9158878504672897,321,4,0.0,inf,0,33,4590.0,0.0006521665833549481,534.8011376857758,
XV,BITY,XV,DGOS,900.8281580229902,Mspec,False,,0.994475138121547,181,2,0.0,10.680196081899304,0,33,,,1935.3057324886322,
XV,BITY,XV,DGOS,900.8281580229902,MspecBestK,False,,0.9153605015673981,319,3,0.0,74.25335705817083,0,33,,,475.0182411670685,
XV,BITY,XV,DGOS,900.8281580229902,single-taper,False,,0.7741545893719807,1656,15,0.0,1.2213059016124215,0,33,4590.0,6.356980225596191e-13,478.77976655960083,
XV,BITY,XV,KIRI,244.4662493100406,FastMspec,False,,0.8831168831168831,154,4,0.0,549.1422677083576,0,33,3555.0,0.0011375701666030806,1106.288434267044,
XV,BITY,XV,KIRI,244.4662493100406,Mspec,False,,0.921875,64,62,0.0,5.935619458162096,0,33,,,1651.769700050354,
XV,BITY,XV,KIRI,244.4662493100406,MspecBestK,False,,0.8766233766233766,154,4,0.0,478.0779988262293,0,33,,,1044.9973077774048,
XV,BITY,XV,KIRI,244.4662493100406,single-taper,False,,0.8004402054292002,1363,2,0.0,1.1392950270338904,0,33,3555.0,1.3265848325663927e-10,85.5473141670227,
XV,BITY,XV,LAHA,668.3064625892262,FastMspec,False,,0.9384615384615385,260,0,0.0,40.69743388391657,0,33,5880.0,0.0009118140779032224,696.8457415103912,
XV,BITY,XV,LAHA,668.3064625892262,Mspec,False,,0.9831932773109243,119,17,0.0,10.626305184608972,0,33,,,2727.6623346805573,
XV,BITY,XV,LAHA,668.3064625892262,MspecBestK,False,,0.9402985074626866,268,0,0.0,39.672666559756124,0,33,,,1234.4818675518036,
XV,BITY,XV,LAHA,668.3064625892262,single-taper,False,,0.7188591385331781,1718,17,0.0,1.4731394500904933,0,33,5880.0,7.545050930912553e-13,629.5656666755676,
XV,BITY,XV,LONA,414.0989926661376,FastMspec,False,,0.872093023255814,172,8,0.0,18.77012865187898,0,33,5880.0,0.023063039046037112,633.1591050624847,
XV,BITY,XV,LONA,414.0989926661376,Mspec,False,,0.922077922077922,77,29,0.0,inf,0,33,,,2270.663999080658,
XV,BITY,XV,LONA,414.0989926661376,MspecBestK,False,,0.8611111111111112,180,13,0.0,20.249899324303083,0,33,,,497.03716564178467,
XV,BITY,XV,LONA,414.0989926661376,single-taper,False,,0.7648136835675016,1637,4,0.0,2.0282586211231597,0,33,5880.0,9.309129145821037e-13,420.34942865371704,
XV,BITY,XV,MAGY,222.9883795824174,FastMspec,False,,0.9375,80,6,0.0,inf,0,33,1980.0,3.4147216412265584e-08,917.5721714496613,
XV,BITY,XV,MAGY,222.9883795824174,Mspec,True,0.8000000000000014,0.6428571428571429,70,331,0.5692307692307692,inf,15,33,,,900.5181663036346,
XV,BITY,XV,MAGY,222.9883795824174,MspecBestK,False,,0.9285714285714286,84,6,0.0,inf,0,33,,,868.8920295238495,
XV,BITY,XV,MAGY,222.9883795824174,single-taper,False,,0.9047202797202797,1144,3,0.0,1.5698563061165831,0,33,1980.0,5.179982747706537e-13,391.30490040779114,
XV,BITY,XV,MAHA,353.15430367673395,FastMspec,False,,0.9440559440559441,143,3,0.0,6.952785203014149,0,33,5760.0,0.0002285678927403653,1585.123765707016,
XV,BITY,XV,MAHA,353.15430367673395,Mspec,False,,0.9910714285714286,112,0,0.0,,0,33,,,2887.921526670456,
XV,BITY,XV,MAHA,353.15430367673395,MspecBestK,False,,0.958041958041958,143,4,0.0,6.1681159698766725,0,33,,,1282.4233198165894,
XV,BITY,XV,MAHA,353.15430367673395,single-taper,False,,0.7963125548726954,1139,5,0.0,1.8162349230536976,0,33,5760.0,7.078318684095844e-13,338.9159994125366,
XV,BITY,XV,MAJA,485.1194711548195,FastMspec,True,0.8000000000000014,0.481651376146789,218,899,0.4266666666666667,1.3921970417589358,1,33,5820.0,0.0003452672974400748,769.1645467281342,
XV,BITY,XV,MAJA,485.1194711548195,Mspec,False,,0.975609756097561,123,5,0.0,45.91435311657292,0,33,,,2426.867421388626,
XV,BITY,XV,MAJA,485.1194711548195,MspecBestK,False,,0.8363636363636363,220,26,0.0,1.7613018744558198,0,33,,,562.2156717777252,
XV,BITY,XV,MAJA,485.1194711548195,single-taper,False,,0.7627118644067796,1239,4,0.0,1.7709652735111203,0,33,5820.0,3.16817428832876e-11,286.07948446273804,
XV,BITY,XV,MKVA,734.5758012634129,FastMspec,False,,0.931899641577061,279,0,0.0,,0,33,5595.0,0.003250626617373102,535.7893652915955,
XV,BITY,XV,MKVA,734.5758012634129,Mspec,False,,0.9767441860465116,129,0,0.0,,0,33,,,2524.6536893844604,
XV,BITY,XV,MKVA,734.5758012634129,MspecBestK,False,,0.931899641577061,279,0,0.0,,0,33,,,548.6979424953461,
XV,BITY,XV,MKVA,734.5758012634129,single-taper,False,,0.6986301369863014,1679,28,0.0,1.5689456806895425,0,33,5595.0,6.633111863351896e-13,649.9405698776245,
XV,BITY,XV,MMBE,421.05324491094757,FastMspec,False,,0.9392624728850325,461,2,0.0,11.786926922573134,0,33,5835.0,0.0031974759898818665,624.481835603714,
XV,BITY,XV,MMBE,421.05324491094757,Mspec,False,,0.9538461538461539,195,9,0.0,inf,0,33,,,2581.450713634491,
XV,BITY,XV,MMBE,421.05324491094757,MspecBestK,False,,0.9400428265524625,467,2,0.0,11.574331701118918,0,33,,,448.9485242366791,
XV,BITY,XV,MMBE,421.05324491094757,single-taper,False,,0.5971134020618557,2425,12,0.0,1.607679821693542,0,33,5835.0,2.499650242650456e-12,655.1144683361053,
XV,BITY,XV,SOLA,505.08129045884965,FastMspec,False,,0.9029126213592233,206,5,0.0,3.5457438150058964,0,33,1620.0,0.0001227321047854733,180.75339245796204,
XV,BITY,XV,SOLA,505.08129045884965,Mspec,False,,0.9743589743589743,117,5,0.0,inf,0,33,,,668.5720794200897,
XV,BITY,XV,SOLA,505.08129045884965,MspecBestK,False,,0.8826530612244898,196,26,0.0,3.0113027814646043,0,33,,,210.90914177894592,
XV,BITY,XV,SOLA,505.08129045884965,single-taper,False,,0.7380382775119617,1672,6,0.0,1.9114007962401627,0,33,1620.0,8.987168440116086e-13,682.7388286590576,
XV,BITY,XV,TANS,139.6239769701174,FastMspec,False,,0.9629629629629629,108,2,0.0,inf,0,33,3240.0,0.0028734552260340517,319.2805051803589,
XV,BITY,XV,TANS,139.6239769701174,Mspec,True,0.5000000000000011,0.7906976744186046,43,91,0.2112676056338028,43.31100709543585,7,33,,,1464.5103616714478,
XV,BITY,XV,TANS,139.6239769701174,MspecBestK,False,,0.9711538461538461,104,0,0.0,inf,0,33,,,321.84760642051697,
XV,BITY,XV,TANS,139.6239769701174,single-taper,False,,0.810477657935285,1298,2,0.0,1.450157832217278,0,33,3240.0,2.1943429664780123e-10,399.250283241272,
XV,BITY,XV,VINA,280.480526686413,FastMspec,True,0.8000000000000014,0.6637168141592921,113,443,0.36486486486486486,8.837756228518804,6,33,5415.0,0.0001493689730335458,641.143646478653,
XV,BITY,XV,VINA,280.480526686413,Mspec,False,,0.9565217391304348,69,0,0.0,,0,33,,,3597.4284076690674,
XV,BITY,XV,VINA,280.480526686413,MspecBestK,True,0.8000000000000014,0.680672268907563,119,442,0.36486486486486486,8.311263244228613,2,33,,,1241.3790488243103,
XV,BITY,XV,VINA,280.480526686413,single-taper,False,,0.8666666666666667,960,4,0.0,1.0491158071903433,0,33,5415.0,1.005967548582638e-12,419.8501808643341,
XV,BITY,XV,ZAKA,288.0615071406686,FastMspec,False,,0.8956521739130435,115,16,0.0,inf,0,33,4425.0,0.0016583087371305275,787.3060204982758,
XV,BITY,XV,ZAKA,288.0615071406686,Mspec,False,,0.9878048780487805,82,11,0.0,inf,0,33,,,1792.4292078018188,
XV,BITY,XV,ZAKA,288.0615071406686,MspecBestK,True,-0.3999999999999997,0.8495575221238938,113,226,0.2692307692307692,22.25240820120485,1,33,,,1142.9768450260162,
XV,BITY,XV,ZAKA,288.0615071406686,single-taper,False,,0.8834498834498834,858,4,0.0,1.1234231640956431,0,33,4425.0,2.893192084471484e-10,132.5389130115509,
XV,BITY,XV,ZOBE,215.27444673073106,FastMspec,True,0.5500000000000012,0.7528089887640449,89,517,0.3974358974358974,20.7092527000866,18,33,5865.0,0.0002417629386195291,837.4533224105835,
XV,BITY,XV,ZOBE,215.27444673073106,Mspec,True,0.6000000000000012,0.5901639344262295,61,555,0.6724137931034483,inf,27,33,,,2901.382050514221,
XV,BITY,XV,ZOBE,215.27444673073106,MspecBestK,True,0.5500000000000012,0.7176470588235294,85,517,0.3974358974358974,20.721533728413597,18,33,,,702.5360105037689,
XV,BITY,XV,ZOBE,215.27444673073106,single-taper,False,,0.9642857142857143,672,2,0.0,3.0498803591073234,0,33,5865.0,5.653585810011399e-12,79.34340405464172,
XV,BKTA,XV,CPSM,159.4943060909781,FastMspec,False,,0.9139784946236559,93,0,0.0,,0,33,5790.0,0.00011478918645478719,1345.8255152702332,
XV,BKTA,XV,CPSM,159.4943060909781,Mspec,True,0.7000000000000013,0.7111111111111111,45,154,0.21428571428571427,7.515260496759475,3,33,,,2397.023055076599,
XV,BKTA,XV,CPSM,159.4943060909781,MspecBestK,False,,0.9080459770114943,87,0,0.0,,0,33,,,1073.5247297286987,
XV,BKTA,XV,CPSM,159.4943060909781,single-taper,False,,0.854,1000,2,0.0,1.3754943604081387,0,33,5790.0,1.7328106409418053e-13,456.0459153652191,
XV,BKTA,XV,DGOS,1379.0464164548011,FastMspec,False,,0.9398148148148148,432,2,0.0,6.922921852141089,0,33,4485.0,0.0016075560873114315,527.3486440181732,
XV,BKTA,XV,DGOS,1379.0464164548011,Mspec,False,,0.9523809523809523,189,5,0.0,inf,0,33,,,2036.7981650829315,
XV,BKTA,XV,DGOS,1379.0464164548011,MspecBestK,False,,0.9423963133640553,434,0,0.0,,0,33,,,375.46784806251526,
XV,BKTA,XV,DGOS,1379.0464164548011,single-taper,False,,0.7964752700397953,1759,34,0.0,1.11080357078675,0,33,4485.0,3.510945287579326e-13,525.699700832367,
XV,BKTA,XV,KIRI,469.2746806522473,FastMspec,False,,0.8883495145631068,206,0,0.0,,0,33,3450.0,0.0011373590835238986,1151.7174954414368,
XV,BKTA,XV,KIRI,469.2746806522473,Mspec,False,,0.9938650306748467,163,0,0.0,,0,33,,,1415.8276793956757,
XV,BKTA,XV,KIRI,469.2746806522473,MspecBestK,False,,0.8980582524271845,206,0,0.0,,0,33,,,735.3282790184021,
XV,BKTA,XV,KIRI,469.2746806522473,single-taper,False,,0.8362760834670947,1246,15,0.0,1.7629928607153664,0,33,3450.0,4.5658485321413336e-11,206.6526985168457,
XV,BKTA,XV,LAHA,1136.1526112458544,FastMspec,False,,0.9175257731958762,388,0,0.0,14.199715409200323,0,33,5835.0,0.00011402646416156945,690.7269296646118,
XV,BKTA,XV,LAHA,1136.1526112458544,Mspec,False,,0.9797297297297297,148,6,0.0,10.386977190312129,0,33,,,2417.4387781620026,
XV,BKTA,XV,LAHA,1136.1526112458544,MspecBestK,False,,0.917098445595855,386,0,0.0,14.209283152079703,0,33,,,453.335661649704,
XV,BKTA,XV,LAHA,1136.1526112458544,single-taper,False,,0.7714776632302406,1746,2,0.0,1.36765589078372,0,33,5835.0,4.681742764703702e-13,361.5276641845703,
XV,BKTA,XV,LONA,207.7186397580089,FastMspec,True,0.20000000000000084,0.5882352941176471,119,365,0.3076923076923077,5.6217800746782345,6,33,5775.0,0.003570745987202242,817.2168180942535,
XV,BKTA,XV,LONA,207.7186397580089,Mspec,False,,0.9146341463414634,82,2,0.0,inf,0,33,,,2568.076635122299,
XV,BKTA,XV,LONA,207.7186397580089,MspecBestK,True,0.20000000000000084,0.5811965811965812,117,365,0.3076923076923077,5.618884825119047,6,33,,,818.9023773670197,
XV,BKTA,XV,LONA,207.7186397580089,single-taper,False,,0.8616216216216216,925,7,0.0,1.4882531833275234,0,33,5775.0,3.9305090246372357e-13,93.01866126060486,
XV,BKTA,XV,MAGY,639.5272936239361,FastMspec,False,,0.9340277777777778,288,0,0.0,inf,0,33,1875.0,8.848113051824779e-06,234.9827744960785,
XV,BKTA,XV,MAGY,639.5272936239361,Mspec,False,,0.9924242424242424,132,35,0.0,inf,0,33,,,777.3913671970367,
XV,BKTA,XV,MAGY,639.5272936239361,MspecBestK,False,,0.9326241134751773,282,0,0.0,inf,0,33,,,215.15484714508057,
XV,BKTA,XV,MAGY,639.5272936239361,single-taper,False,,0.6961823966065748,1886,4,0.0,3.348569266529483,0,33,1875.0,3.89732227825188e-13,500.4729652404785,
XV,BKTA,XV,MAHA,234.1279856366596,FastMspec,False,,0.9657534246575342,146,8,0.0,2.686295468444678,0,33,5655.0,5.2610179664636866e-05,1345.4901292324066,
XV,BKTA,XV,MAHA,234.1279856366596,Mspec,False,,0.9859154929577465,71,0,0.0,,0,33,,,2501.9507582187653,
XV,BKTA,XV,MAHA,234.1279856366596,MspecBestK,False,,0.9802631578947368,152,3,0.0,1.4777313862726562,0,33,,,1236.5209546089172,
XV,BKTA,XV,MAHA,234.1279856366596,single-taper,False,,0.776,1375,4,0.0,1.2915560630469054,0,33,5655.0,7.590410931483586e-13,754.5294759273529,
XV,BKTA,XV,MAJA,942.8706032109816,FastMspec,False,,0.9298780487804879,328,0,0.0,,0,33,5715.0,0.0012906512435566667,758.5987746715546,
XV,BKTA,XV,MAJA,942.8706032109816,Mspec,False,,0.9764150943396226,212,1,0.0,inf,0,33,,,2541.9910547733307,
XV,BKTA,XV,MAJA,942.8706032109816,MspecBestK,False,,0.9161490683229814,322,30,0.0,10.142787796238443,0,33,,,628.4510562419891,
XV,BKTA,XV,MAJA,942.8706032109816,single-taper,False,,0.7548387096774194,1550,15,0.0,1.420928308129245,0,33,5715.0,8.536901323502089e-11,633.9849281311035,
XV,BKTA,XV,MKVA,1208.0299212211112,FastMspec,False,,0.9046321525885559,367,21,0.0,6.515478895641751,0,33,5655.0,0.004634246619228187,668.3572640419006,
XV,BKTA,XV,MKVA,1208.0299212211112,Mspec,False,,0.9725274725274725,182,0,0.0,,0,33,,,2674.370000600815,
XV,BKTA,XV,MKVA,1208.0299212211112,MspecBestK,False,,0.9142091152815014,373,21,0.0,8.441568033542824,0,33,,,1240.7672700881958,
XV,BKTA,XV,MKVA,1208.0299212211112,single-taper,False,,0.7715289982425307,1707,10,0.0,1.4011133755257879,0,33,5655.0,4.1034054299035836e-13,1043.7102355957031,
XV,BKTA,XV,MMBE,358.6292326072979,FastMspec,False,,0.9111111111111111,360,5,0.0,inf,0,33,5730.0,0.0014012946598410505,570.5692849159241,
XV,BKTA,XV,MMBE,358.6292326072979,Mspec,False,,0.972972972972973,222,0,0.0,,0,33,,,2207.295471429825,
XV,BKTA,XV,MMBE,358.6292326072979,MspecBestK,False,,0.9010695187165776,374,5,0.0,inf,0,33,,,530.9234063625336,
XV,BKTA,XV,MMBE,358.6292326072979,single-taper,False,,0.6374187558031569,2154,11,0.0,1.583300189713193,0,33,5730.0,7.587143342150937e-12,394.5294334888458,
XV,BKTA,XV,SOLA,981.7628502789173,FastMspec,False,,0.9642857142857143,364,16,0.0,19.471255017155006,0,33,1620.0,1.7984566141926984e-08,183.82803559303284,
XV,BKTA,XV,SOLA,981.7628502789173,Mspec,False,,0.9866071428571429,224,0,0.0,,0,33,,,688.2757954597473,
XV,BKTA,XV,SOLA,981.7628502789173,MspecBestK,False,,0.9636871508379888,358,16,0.0,19.454607773007837,0,33,,,193.67576479911804,
XV,BKTA,XV,SOLA,981.7628502789173,single-taper,False,,0.7184959349593496,1968,4,0.0,1.4203540632032874,0,33,1620.0,8.404355025334549e-13,530.8549425601959,
XV,BKTA,XV,TANS,616.747911761239,FastMspec,False,,0.9348659003831418,261,6,0.0,2.078942767362315,0,33,3300.0,0.005798020555659354,374.9724369049072,
XV,BKTA,XV,TANS,616.747911761239,Mspec,False,,0.9942857142857143,175,0,0.0,inf,0,33,,,1446.4373006820679,
XV,BKTA,XV,TANS,616.747911761239,MspecBestK,False,,0.9386973180076629,261,8,0.0,28.209523600345502,0,33,,,322.6133813858032,
XV,BKTA,XV,TANS,616.747911761239,single-taper,False,,0.7304057809894385,1799,20,0.0,1.1196175029305082,0,33,3300.0,2.5327698289252825e-10,336.3693344593048,
XV,BKTA,XV,VINA,669.3723855866074,FastMspec,False,,0.9420849420849421,259,20,0.0,2.9988619216707524,0,33,5415.0,0.00012038409689948772,590.4909145832062,
XV,BKTA,XV,VINA,669.3723855866074,Mspec,False,,0.96875,128,0,0.0,,0,33,,,2342.781180381775,
XV,BKTA,XV,VINA,669.3723855866074,MspecBestK,False,,0.9442231075697212,251,22,0.0,4.821890622047527,0,33,,,554.2327265739441,
XV,BKTA,XV,VINA,669.3723855866074,single-taper,False,,0.7690187431091511,1814,2,0.0,2.252688492689442,0,33,5415.0,1.2561465491183808e-12,342.62580823898315,
XV,BKTA,XV,ZAKA,759.9879396696573,FastMspec,False,,0.9224806201550387,258,2,0.0,37.22820991733989,0,33,4425.0,0.003009967955002169,1599.7449579238892,
XV,BKTA,XV,ZAKA,759.9879396696573,Mspec,False,,0.9602649006622517,151,13,0.0,inf,0,33,,,1959.4971461296082,
XV,BKTA,XV,ZAKA,759.9879396696573,MspecBestK,False,,0.9230769230769231,260,0,0.0,26.326081702273278,0,33,,,1185.5661463737488,
XV,BKTA,XV,ZAKA,759.9879396696573,single-taper,False,,0.8155149934810951,1534,15,0.0,1.4438992772973422,0,33,4425.0,2.1616363801861805e-10,354.0507650375366,
XV,BKTA,XV,ZOBE,691.2730073160466,FastMspec,False,,0.9174311926605505,218,8,0.0,11.604330535393245,0,33,5760.0,0.0006644656605504383,712.8372712135315,
XV,BKTA,XV,ZOBE,691.2730073160466,Mspec,False,,0.9934640522875817,153,27,0.0,inf,0,33,,,3151.5739862918854,
XV,BKTA,XV,ZOBE,691.2730073160466,MspecBestK,False,,0.9174311926605505,218,7,0.0,2.674364059840764,0,33,,,552.8757934570312,
XV,BKTA,XV,ZOBE,691.2730073160466,single-taper,False,,0.7893890675241158,1244,5,0.0,1.2549246730105783,0,33,5760.0,1.4385097989229261e-11,626.3981666564941,
XV,CPSM,XV,DGOS,1538.4355639650205,FastMspec,False,,0.9578713968957872,451,1,0.0,18.604888252779848,0,33,4455.0,0.0008703644665366115,451.9428119659424,
XV,CPSM,XV,DGOS,1538.4355639650205,Mspec,False,,0.9788359788359788,189,0,0.0,,0,33,,,2001.7727653980255,
XV,CPSM,XV,DGOS,1538.4355639650205,MspecBestK,False,,0.9576837416481069,449,1,0.0,18.58832856699767,0,33,,,1241.2131006717682,
XV,CPSM,XV,DGOS,1538.4355639650205,single-taper,False,,0.7684651650078576,1909,7,0.0,1.4164064388793995,0,33,4455.0,3.5839088158710064e-13,713.836884021759,
XV,CPSM,XV,KIRI,610.1090253048266,FastMspec,False,,0.9015151515151515,264,7,0.0,5.823631045965555,0,33,3420.0,0.002133520671301663,374.7795321941376,
XV,CPSM,XV,KIRI,610.1090253048266,Mspec,False,,0.9888888888888889,90,67,0.0,inf,0,33,,,1499.3302855491638,
XV,CPSM,XV,KIRI,610.1090253048266,MspecBestK,False,,0.9076923076923077,260,7,0.0,5.554551219981854,0,33,,,398.43027997016907,
XV,CPSM,XV,KIRI,610.1090253048266,single-taper,False,,0.7594793435200905,1767,28,0.0,1.6434403720596598,0,33,3420.0,1.354531565856625e-10,367.15892004966736,
XV,CPSM,XV,LAHA,1294.6607797498862,FastMspec,False,,0.9517241379310345,435,15,0.0,7.963212265147369,0,33,5790.0,0.00036053124004531645,644.8067872524261,
XV,CPSM,XV,LAHA,1294.6607797498862,Mspec,False,,0.9515418502202643,227,2,0.0,inf,0,33,,,2635.083288192749,
XV,CPSM,XV,LAHA,1294.6607797498862,MspecBestK,False,,0.951276102088167,431,16,0.0,7.729171191362026,0,33,,,608.5783295631409,
XV,CPSM,XV,LAHA,1294.6607797498862,single-taper,False,,0.7507708119218911,1946,11,0.0,2.0107267934670188,0,33,5790.0,3.372901732995987e-13,478.5178339481354,
XV,CPSM,XV,LONA,315.6927975625672,FastMspec,False,,0.8780487804878049,164,27,0.0,2.8059162528089834,0,33,5745.0,0.011771164096984895,590.5733575820923,
XV,CPSM,XV,LONA,315.6927975625672,Mspec,False,,0.97,100,9,0.0,8.394754059994302,0,33,,,2359.0710105895996,
XV,CPSM,XV,LONA,315.6927975625672,MspecBestK,False,,0.8765432098765432,162,27,0.0,2.7628185869562754,0,33,,,516.5608012676239,
XV,CPSM,XV,LONA,315.6927975625672,single-taper,False,,0.8272656855151046,1291,4,0.0,1.5577987751555908,0,33,5745.0,5.949117737834699e-13,473.00240874290466,
XV,CPSM,XV,MAGY,795.3906543661772,FastMspec,False,,0.9281767955801105,362,29,0.0,3.5678082185579147,0,33,1845.0,0.0003211000867188199,962.1352066993713,
XV,CPSM,XV,MAGY,795.3906543661772,Mspec,False,,0.9777777777777777,180,12,0.0,4.514587230097165,0,33,,,826.9340415000916,
XV,CPSM,XV,MAGY,795.3906543661772,MspecBestK,False,,0.9293785310734464,354,23,0.0,3.1691412203628113,0,33,,,962.9347229003906,
XV,CPSM,XV,MAGY,795.3906543661772,single-taper,False,,0.7051671732522796,1974,17,0.0,1.2932625123985326,0,33,1845.0,4.781811018193354e-13,371.7422411441803,
XV,CPSM,XV,MAHA,367.8370151055703,FastMspec,False,,0.9458128078817734,203,7,0.0,2.6454650703771105,0,33,5625.0,9.209600727951361e-05,1459.8846218585968,
XV,CPSM,XV,MAHA,367.8370151055703,Mspec,False,,0.9797979797979798,99,0,0.0,,0,33,,,2296.2025113105774,
XV,CPSM,XV,MAHA,367.8370151055703,MspecBestK,False,,0.9463414634146341,205,6,0.0,2.6678110969924935,0,33,,,1239.272044658661,
XV,CPSM,XV,MAHA,367.8370151055703,single-taper,False,,0.7437745740498034,1526,16,0.0,1.3209409186618561,0,33,5625.0,8.032152956001717e-13,441.8750219345093,
XV,CPSM,XV,MAJA,1098.1325757988197,FastMspec,False,,0.9424083769633508,382,2,0.0,39.190284226630716,0,33,5685.0,0.0021379732135934832,1451.8298313617706,
XV,CPSM,XV,MAJA,1098.1325757988197,Mspec,False,,0.9933333333333333,150,7,0.0,30.252172158011515,0,33,,,2342.57234787941,
XV,CPSM,XV,MAJA,1098.1325757988197,MspecBestK,False,,0.9510309278350515,388,2,0.0,39.19829513655635,0,33,,,1329.2425653934479,
XV,CPSM,XV,MAJA,1098.1325757988197,single-taper,False,,0.6983640081799591,1956,2,0.0,1.423731172923463,0,33,5685.0,1.0909843077189275e-10,662.7537693977356,
XV,CPSM,XV,MKVA,1367.1855694453895,FastMspec,False,,0.9426048565121413,453,2,0.0,125.38385322738222,0,33,5640.0,0.005944799900598825,552.3392686843872,
XV,CPSM,XV,MKVA,1367.1855694453895,Mspec,False,,0.9956709956709957,231,2,0.0,13.793110260951096,0,33,,,2470.9667217731476,
XV,CPSM,XV,MKVA,1367.1855694453895,MspecBestK,False,,0.9415730337078652,445,2,0.0,125.86238214526409,0,33,,,558.6220662593842,
XV,CPSM,XV,MKVA,1367.1855694453895,single-taper,False,,0.7993421052631579,1824,2,0.0,1.26321746423244,0,33,5640.0,3.3685846554258366e-13,774.3414514064789,
XV,CPSM,XV,MMBE,458.2329642505542,FastMspec,False,,0.9482352941176471,425,7,0.0,2.6559091469357083,0,33,5700.0,0.0037109779013388615,1405.0518441200256,
XV,CPSM,XV,MMBE,458.2329642505542,Mspec,False,,0.9705882352941176,204,2,0.0,1.4914803335018685,0,33,,,2188.6364245414734,
XV,CPSM,XV,MMBE,458.2329642505542,MspecBestK,False,,0.9517241379310345,435,7,0.0,2.6407331991590945,0,33,,,1274.9495928287506,
XV,CPSM,XV,MMBE,458.2329642505542,single-taper,False,,0.6304159445407279,2308,3,0.0,1.7269537072093277,0,33,5700.0,5.951687767870791e-12,484.1409020423889,
XV,CPSM,XV,SOLA,1141.2380577783188,FastMspec,False,,0.968503937007874,381,33,0.0,16.081908981000744,0,33,1605.0,1.7476725388300397e-08,990.661327123642,
XV,CPSM,XV,SOLA,1141.2380577783188,Mspec,False,,0.9924242424242424,132,0,0.0,15.79594173678589,0,33,,,1986.1316003799438,
XV,CPSM,XV,SOLA,1141.2380577783188,MspecBestK,False,,0.967479674796748,369,28,0.0,15.218017830494917,0,33,,,887.5326931476593,
XV,CPSM,XV,SOLA,1141.2380577783188,single-taper,False,,0.7017958412098299,2116,2,0.0,1.2002728619856207,0,33,1605.0,7.466756821718477e-13,419.84149742126465,
XV,CPSM,XV,TANS,776.2373675984684,FastMspec,False,,0.9382716049382716,324,0,0.0,,0,33,3285.0,0.007867977975169029,1194.6251513957977,
XV,CPSM,XV,TANS,776.2373675984684,Mspec,False,,0.9806451612903225,155,1,0.0,inf,0,33,,,1278.766518354416,
XV,CPSM,XV,TANS,776.2373675984684,MspecBestK,False,,0.9351851851851852,324,0,0.0,,0,33,,,1019.6251702308655,
XV,CPSM,XV,TANS,776.2373675984684,single-taper,False,,0.6947103274559194,1985,15,0.0,1.2916782030761416,0,33,3285.0,2.684528262129028e-10,742.8955385684967,
XV,CPSM,XV,VINA,818.308593510577,FastMspec,False,,0.9558823529411765,340,0,0.0,,0,33,5415.0,0.00034470281904142855,1291.6438024044037,
XV,CPSM,XV,VINA,818.308593510577,Mspec,False,,0.9852941176470589,136,20,0.0,33.516255193773155,0,33,,,2359.631888151169,
XV,CPSM,XV,VINA,818.308593510577,MspecBestK,False,,0.9628571428571429,350,0,0.0,,0,33,,,1319.0863342285156,
XV,CPSM,XV,VINA,818.308593510577,single-taper,False,,0.7688113413304253,1834,22,0.0,1.42491802105939,0,33,5415.0,1.2718969467755219e-12,358.5771486759186,
XV,CPSM,XV,ZAKA,919.2558472314012,FastMspec,False,,0.9061488673139159,309,4,0.0,5.930130793134437,0,33,4425.0,0.003963373050895214,499.99619340896606,
XV,CPSM,XV,ZAKA,919.2558472314012,Mspec,False,,0.9935897435897436,156,1,0.0,240.28174752746838,0,33,,,1917.5586416721344,
XV,CPSM,XV,ZAKA,919.2558472314012,MspecBestK,False,,0.9148264984227129,317,4,0.0,21.873980465265806,0,33,,,489.00295329093933,
XV,CPSM,XV,ZAKA,919.2558472314012,single-taper,False,,0.7869352869352869,1638,9,0.0,1.8187272436175543,0,33,4425.0,2.293173406805182e-10,634.6241316795349,
XV,CPSM,XV,ZOBE,850.1860894685409,FastMspec,False,,0.8929889298892989,271,2,0.0,1.4473457825933667,0,33,5730.0,0.0010426963388531097,1412.9497320652008,
XV,CPSM,XV,ZOBE,850.1860894685409,Mspec,False,,0.9932885906040269,149,0,0.0,,0,33,,,2292.0017218589783,
XV,CPSM,XV,ZOBE,850.1860894685409,MspecBestK,True,0.2500000000000009,0.76,275,475,0.2972972972972973,5.083864964828024,8,33,,,1571.7965664863586,
XV,CPSM,XV,ZOBE,850.1860894685409,single-taper,False,,0.7773359840954275,1509,8,0.0,1.8436179939927655,0,33,5730.0,1.764285711847888e-11,561.3596119880676,
XV,DGOS,XV,KIRI,1000.4631727403766,FastMspec,False,,0.95625,320,4,0.0,15.48226021945377,0,33,4470.0,0.0029355879493906415,1334.985989332199,
XV,DGOS,XV,KIRI,1000.4631727403766,Mspec,False,,0.9941520467836257,171,0,0.0,,0,33,,,1949.6305975914001,
XV,DGOS,XV,KIRI,1000.4631727403766,MspecBestK,False,,0.95,320,2,0.0,17.490694058012622,0,33,,,1167.3281652927399,
XV,DGOS,XV,KIRI,1000.4631727403766,single-taper,False,,0.7242574257425742,2020,6,0.0,1.5636464208225862,0,33,4470.0,5.407351675193046e-11,788.3707039356232,
XV,DGOS,XV,LAHA,311.55016743225116,FastMspec,False,,0.9277777777777778,180,7,0.0,inf,0,33,9135.0,0.00010743671993743811,1029.5081090927124,
XV,DGOS,XV,LAHA,311.55016743225116,Mspec,False,,0.9852941176470589,68,0,0.0,,0,33,,,3341.2729892730713,
XV,DGOS,XV,LAHA,311.55016743225116,MspecBestK,False,,0.9207317073170732,164,6,0.0,inf,0,33,,,700.7868754863739,
XV,DGOS,XV,LAHA,311.55016743225116,single-taper,False,,0.7905882352941176,1275,6,0.0,1.6232995470594112,0,33,9135.0,1.3968325551792585e-13,261.6756839752197,
XV,DGOS,XV,LONA,1287.0370487970213,FastMspec,False,,0.9551451187335093,379,0,0.0,,0,33,9270.0,0.03702391161169357,999.7661781311035,
XV,DGOS,XV,LONA,1287.0370487970213,Mspec,False,,0.9926470588235294,136,0,0.0,,0,33,,,4495.620927810669,
XV,DGOS,XV,LONA,1287.0370487970213,MspecBestK,False,,0.9539295392953929,369,0,0.0,,0,33,,,879.5232698917389,
XV,DGOS,XV,LONA,1287.0370487970213,single-taper,False,,0.7768421052631579,1900,10,0.0,1.1546885596223462,0,33,9270.0,7.327052025724085e-13,537.6705396175385,
XV,DGOS,XV,MAGY,783.3665617980087,FastMspec,True,0.2500000000000009,0.7432432432432432,296,1074,0.37662337662337664,4.8870441545342524,5,33,4125.0,5.962987725625076e-05,1597.2470264434814,
XV,DGOS,XV,MAGY,783.3665617980087,Mspec,False,,0.9122807017543859,171,1,0.0,inf,0,33,,,1744.8012111186981,
XV,DGOS,XV,MAGY,783.3665617980087,MspecBestK,True,0.2500000000000009,0.7328767123287672,292,1074,0.37662337662337664,4.850431498174975,3,33,,,1537.0886628627777,
XV,DGOS,XV,MAGY,783.3665617980087,single-taper,False,,0.7815126050420168,1666,9,0.0,1.371264414925327,0,33,4125.0,3.7262803238160905e-13,294.33150696754456,
XV,DGOS,XV,MAHA,1223.6021195061023,FastMspec,False,,0.9345088161209067,397,11,0.0,6.250407890249503,0,33,9165.0,0.00024387568847173725,1038.3360357284546,
XV,DGOS,XV,MAHA,1223.6021195061023,Mspec,False,,0.9795918367346939,147,11,0.0,inf,0,33,,,4036.6915321350098,
XV,DGOS,XV,MAHA,1223.6021195061023,MspecBestK,False,,0.947103274559194,397,13,0.0,7.3671188795650435,0,33,,,708.065854549408,
XV,DGOS,XV,MAHA,1223.6021195061023,single-taper,False,,0.7608818541548897,1769,4,0.0,1.6210171141858123,0,33,9165.0,1.5005520527541333e-12,357.9854564666748,
XV,DGOS,XV,MAJA,497.32582689817343,FastMspec,False,,0.9241071428571429,224,3,0.0,2.0165694126485323,0,33,9270.0,0.001743728114730088,867.1122527122498,
XV,DGOS,XV,MAJA,497.32582689817343,Mspec,False,,0.9761904761904762,84,19,0.0,14.845272062925883,0,33,,,4164.538797616959,
XV,DGOS,XV,MAJA,497.32582689817343,MspecBestK,False,,0.9198113207547169,212,3,0.0,1.9658139382769408,0,33,,,1763.7873666286469,
XV,DGOS,XV,MAJA,497.32582689817343,single-taper,False,,0.737183646982479,1541,10,0.0,1.7773995763398152,0,33,9270.0,5.097015566540247e-11,350.89463472366333,
XV,DGOS,XV,MARO,1012.5133896593336,FastMspec,False,,0.9637681159420289,414,3,0.0,8.343386213927532,0,33,2430.0,0.0034058093987256303,1090.5300974845886,
XV,DGOS,XV,MARO,1012.5133896593336,Mspec,False,,0.9800995024875622,201,1,0.0,inf,0,33,,,1133.899869441986,
XV,DGOS,XV,MARO,1012.5133896593336,MspecBestK,False,,0.9691943127962085,422,4,0.0,5.931818913652358,0,33,,,1023.5543463230133,
XV,DGOS,XV,MARO,1012.5133896593336,single-taper,False,,0.6562790697674419,2150,19,0.0,1.1312074875356852,0,33,2430.0,7.502161456289102e-13,569.1629004478455,
XV,DGOS,XV,MKVA,219.67840837983596,FastMspec,True,0.6500000000000012,0.5714285714285714,133,205,0.2564102564102564,9.330872143006944,17,33,4305.0,0.0006786172063409573,525.2489793300629,
XV,DGOS,XV,MKVA,219.67840837983596,Mspec,True,0.45000000000000107,0.7910447761194029,67,352,0.4084507042253521,11.12358476998798,22,33,,,1976.1579213142395,
XV,DGOS,XV,MKVA,219.67840837983596,MspecBestK,True,0.6500000000000012,0.5648854961832062,131,317,0.3333333333333333,9.21002809083549,17,33,,,454.16539478302,
XV,DGOS,XV,MKVA,219.67840837983596,single-taper,False,,0.7967549103330487,1171,4,0.0,1.7829202839513658,0,33,4305.0,1.556148027786581e-13,92.54372930526733,
XV,DGOS,XV,MMBE,1229.8383167364768,FastMspec,False,,0.9591002044989775,489,15,0.0,5.983338129032537,0,33,9255.0,0.0037116354085697883,892.8855834007263,
XV,DGOS,XV,MMBE,1229.8383167364768,Mspec,False,,0.9615384615384616,208,2,0.0,8.448097963673263,0,33,,,4082.9399523735046,
XV,DGOS,XV,MMBE,1229.8383167364768,MspecBestK,False,,0.9553752535496958,493,11,0.0,6.033700065023271,0,33,,,1761.7702078819275,
XV,DGOS,XV,MMBE,1229.8383167364768,single-taper,False,,0.6813618507202095,2291,6,0.0,1.0792776174120164,0,33,9255.0,2.859073126326165e-12,429.7030680179596,
XV,DGOS,XV,SOLA,402.34689860978557,FastMspec,False,,0.9385964912280702,228,77,0.0,2.7665687598560766,0,33,1545.0,0.00010617933217417227,923.0432960987091,
XV,DGOS,XV,SOLA,402.34689860978557,Mspec,True,0.5500000000000012,0.7380952380952381,126,585,0.3684210526315789,inf,9,33,,,1020.5204331874847,
XV,DGOS,XV,SOLA,402.34689860978557,MspecBestK,False,,0.9380530973451328,226,74,0.0,3.650580053422061,0,33,,,894.0229341983795,
XV,DGOS,XV,SOLA,402.34689860978557,single-taper,False,,0.7157757496740548,1534,5,0.0,1.7633286883908816,0,33,1545.0,3.4975296119870953e-13,334.6819052696228,
XV,DGOS,XV,TANS,762.782934198231,FastMspec,False,,0.9128919860627178,287,8,0.0,9.904077958332351,0,33,2850.0,0.002424241561942345,333.40090894699097,
XV,DGOS,XV,TANS,762.782934198231,Mspec,False,,0.9848484848484849,198,0,0.0,,0,33,,,1171.9808478355408,
XV,DGOS,XV,TANS,762.782934198231,MspecBestK,False,,0.9163879598662207,299,8,0.0,11.188684448093737,0,33,,,268.1689670085907,
XV,DGOS,XV,TANS,762.782934198231,single-taper,False,,0.7696774193548387,1550,8,0.0,1.7351564875433345,0,33,2850.0,1.8663309074542148e-10,711.5443904399872,
XV,DGOS,XV,VATO,784.844019382704,FastMspec,False,,0.9053627760252366,317,11,0.0,1.2211067870132237,0,33,2520.0,0.013289026608528612,994.8650624752045,
XV,DGOS,XV,VATO,784.844019382704,Mspec,False,,0.9411764705882353,170,10,0.0,1.5036280874833876,0,33,,,1070.4106540679932,
XV,DGOS,XV,VATO,784.844019382704,MspecBestK,False,,0.9230769230769231,325,16,0.0,1.5818265642103826,0,33,,,855.491544008255,
XV,DGOS,XV,VATO,784.844019382704,single-taper,False,,0.7214541730670763,1953,10,0.0,1.646341535735051,0,33,2520.0,1.0046273672736416e-12,731.6595101356506,
XV,DGOS,XV,VINA,791.3733961691801,FastMspec,False,,0.9301587301587302,315,12,0.0,inf,0,33,4245.0,0.0010143463827821093,433.41713070869446,
XV,DGOS,XV,VINA,791.3733961691801,Mspec,False,,0.9925373134328358,134,0,0.0,63.41809381195364,0,33,,,1840.4631683826447,
XV,DGOS,XV,VINA,791.3733961691801,MspecBestK,False,,0.9305993690851735,317,17,0.0,inf,0,33,,,455.4764151573181,
XV,DGOS,XV,VINA,791.3733961691801,single-taper,False,,0.7124551512045105,1951,26,0.0,1.4752547556281206,0,33,4245.0,2.4462936942723605e-12,400.64690828323364,
XV,DGOS,XV,ZAKA,626.8838497173255,FastMspec,False,,0.9146341463414634,246,9,0.0,11.483404891343548,0,33,3315.0,0.0009553518980561637,1216.4476351737976,
XV,DGOS,XV,ZAKA,626.8838497173255,Mspec,False,,0.9502762430939227,181,0,0.0,14.20647799842201,0,33,,,1504.3521633148193,
XV,DGOS,XV,ZAKA,626.8838497173255,MspecBestK,False,,0.9146341463414634,246,8,0.0,11.44859582335198,0,33,,,1080.0682632923126,
XV,DGOS,XV,ZAKA,626.8838497173255,single-taper,False,,0.7035490605427975,1437,2,0.0,2.265442140770178,0,33,3315.0,3.9357444073195666e-11,358.4096927642822,
XV,DGOS,XV,ZOBE,689.9538462746413,FastMspec,False,,0.9102564102564102,234,0,0.0,3.161986635949178,0,33,4620.0,0.0008879391643256578,501.6774010658264,
XV,DGOS,XV,ZOBE,689.9538462746413,Mspec,False,,0.9760479041916168,167,3,0.0,1.95225477436035,0,33,,,1984.5648720264435,
XV,DGOS,XV,ZOBE,689.9538462746413,MspecBestK,False,,0.9117647058823529,238,0,0.0,,0,33,,,331.48888516426086,
XV,DGOS,XV,ZOBE,689.9538462746413,single-taper,False,,0.8088662790697675,1376,15,0.0,1.2916514475063592,0,33,4620.0,9.864236674726035e-11,467.72119140625,
XV,KIRI,XV,LAHA,825.9125535229975,FastMspec,False,,0.9246575342465754,292,9,0.0,6.077356363125216,0,33,4740.0,0.002416824852681231,1419.6030361652374,
XV,KIRI,XV,LAHA,825.9125535229975,Mspec,False,,0.9940828402366864,169,0,0.0,,0,33,,,2069.065437555313,
XV,KIRI,XV,LAHA,825.9125535229975,MspecBestK,False,,0.9222972972972973,296,8,0.0,5.235874307830772,0,33,,,1356.8106892108917,
XV,KIRI,XV,LAHA,825.9125535229975,single-taper,False,,0.7321073558648111,2012,10,0.0,1.3870149441717214,0,33,4740.0,1.8630912211954877e-10,481.9109077453613,
XV,KIRI,XV,LONA,306.7792732788389,FastMspec,True,-0.24999999999999956,0.7738095238095238,168,402,0.31645569620253167,3.207398121427299,19,33,4740.0,0.0008272069867103656,1637.4229080677032,
XV,KIRI,XV,LONA,306.7792732788389,Mspec,False,,0.8901098901098901,91,2,0.0,31.33050195862674,0,33,,,2103.8784284591675,
XV,KIRI,XV,LONA,306.7792732788389,MspecBestK,True,-0.24999999999999956,0.7586206896551724,174,403,0.31645569620253167,3.228842599003787,19,33,,,1352.6282031536102,
XV,KIRI,XV,LONA,306.7792732788389,single-taper,False,,0.7683264177040111,1446,4,0.0,2.0014266640694784,0,33,4740.0,4.2659494595958535e-11,161.5041208267212,
XV,KIRI,XV,MAGY,459.76660095556514,FastMspec,True,0.5500000000000012,0.688034188034188,234,679,0.5974025974025974,5.550536777748983,21,33,3165.0,8.036467175202343e-09,1162.3729882240295,
XV,KIRI,XV,MAGY,459.76660095556514,Mspec,False,,0.9722222222222222,108,2,0.0,17.111495010393472,0,33,,,1014.6336450576782,
XV,KIRI,XV,MAGY,459.76660095556514,MspecBestK,True,0.5500000000000012,0.6973684210526315,228,679,0.5974025974025974,5.544786863342842,21,33,,,1731.27720785141,
XV,KIRI,XV,MAGY,459.76660095556514,single-taper,False,,0.7690432663010359,1641,5,0.0,2.3438968100133133,0,33,3165.0,2.669558886455212e-13,87.60384821891785,
XV,KIRI,XV,MAHA,466.0535019067055,FastMspec,False,,0.8732394366197183,213,21,0.0,1.6330022191974694,0,33,4740.0,0.0007535817763839468,496.08399176597595,
XV,KIRI,XV,MAHA,466.0535019067055,Mspec,True,0.6500000000000012,0.7723577235772358,123,281,0.2222222222222222,2.6432894443017627,1,33,,,2180.6465380191803,
XV,KIRI,XV,MAHA,466.0535019067055,MspecBestK,True,-0.14999999999999947,0.7793427230046949,213,892,0.43037974683544306,4.529610629623239,2,33,,,1264.6151514053345,
XV,KIRI,XV,MAHA,466.0535019067055,single-taper,False,,0.7318563789152025,1309,3,0.0,1.1164508248184306,0,33,4740.0,4.4195690435409566e-11,308.26689314842224,
XV,KIRI,XV,MAJA,517.0233053542738,FastMspec,True,0.2500000000000009,0.8,230,396,0.5443037974683544,4.176159473228381,16,33,4740.0,0.001358973813147792,794.8354556560516,
XV,KIRI,XV,MAJA,517.0233053542738,Mspec,False,,0.967032967032967,91,36,0.0,inf,0,33,,,1738.8348908424377,
XV,KIRI,XV,MAJA,517.0233053542738,MspecBestK,True,0.2500000000000009,0.7876106194690266,226,396,0.5443037974683544,4.186294082695378,16,33,,,1173.4344687461853,
XV,KIRI,XV,MAJA,517.0233053542738,single-taper,False,,0.75,1608,11,0.0,2.253862470522208,0,33,4740.0,4.2838018984698275e-11,116.3430507183075,
XV,KIRI,XV,MKVA,874.0878416212104,FastMspec,False,,0.9354838709677419,310,7,0.0,2.3165085966779158,0,33,3270.0,0.00313642733633377,1233.762951850891,
XV,KIRI,XV,MKVA,874.0878416212104,Mspec,False,,0.9808917197452229,157,11,0.0,inf,0,33,,,2648.0673954486847,
XV,KIRI,XV,MKVA,874.0878416212104,MspecBestK,False,,0.9276315789473685,304,6,0.0,2.3249445739988874,0,33,,,1054.2349417209625,
XV,KIRI,XV,MKVA,874.0878416212104,single-taper,False,,0.7089783281733746,1938,11,0.0,1.3338666819866327,0,33,3270.0,7.191685349469342e-11,197.35626339912415,
XV,KIRI,XV,MMBE,229.9598211820317,FastMspec,False,,0.9221453287197232,578,24,0.0,2.462606131634824,0,33,4740.0,0.008170995073485808,474.2939646244049,
XV,KIRI,XV,MMBE,229.9598211820317,Mspec,False,,0.9765258215962441,213,7,0.0,6.786204666248009,0,33,,,2127.7560575008392,
XV,KIRI,XV,MMBE,229.9598211820317,MspecBestK,False,,0.9251700680272109,588,24,0.0,2.4519202759474013,0,33,,,451.07657837867737,
XV,KIRI,XV,MMBE,229.9598211820317,single-taper,False,,0.586179188429088,2489,0,0.0,,0,33,4740.0,1.0127490803033511e-10,769.8502459526062,
XV,KIRI,XV,SOLA,642.3766353673701,FastMspec,False,,0.928921568627451,408,4,0.0,7.046257363143627,0,33,,,750.6314754486084,
XV,KIRI,XV,SOLA,642.3766353673701,Mspec,False,,0.9457364341085271,129,14,0.0,3.488482718374376,0,33,,,1393.699476480484,
XV,KIRI,XV,SOLA,642.3766353673701,MspecBestK,False,,0.9452380952380952,420,7,0.0,6.511812149136823,0,33,,,756.65056681633,
XV,KIRI,XV,SOLA,642.3766353673701,single-taper,False,,0.5858414582450191,2359,27,0.0,1.3793557786910229,0,33,,,619.7686517238617,
XV,KIRI,XV,TANS,328.96296793795085,FastMspec,False,,0.9473684210526315,228,21,0.0,6.33296917404445,0,33,1575.0,0.006037586164208255,183.98582530021667,
XV,KIRI,XV,TANS,328.96296793795085,Mspec,False,,0.9888888888888889,90,0,0.0,,0,33,,,695.7937877178192,
XV,KIRI,XV,TANS,328.96296793795085,MspecBestK,False,,0.9304347826086956,230,13,0.0,10.431704481308635,0,33,,,149.22738814353943,
XV,KIRI,XV,TANS,328.96296793795085,single-taper,False,,0.6817939135077415,1873,2,0.0,1.6982234608799012,0,33,1575.0,6.411731193774424e-10,506.17668890953064,
XV,KIRI,XV,VINA,218.459963476432,FastMspec,True,-0.09999999999999942,0.9086294416243654,197,179,0.24675324675324675,4.999029869557928,16,33,3285.0,0.0017798329249997164,1269.6223285198212,
XV,KIRI,XV,VINA,218.459963476432,Mspec,False,,0.921875,64,9,0.0,inf,0,33,,,1500.9092111587524,
XV,KIRI,XV,VINA,218.459963476432,MspecBestK,True,0.1500000000000008,0.9119170984455959,193,209,0.2857142857142857,4.897537259106434,16,33,,,759.4514851570129,
XV,KIRI,XV,VINA,218.459963476432,single-taper,False,,0.7460417986067132,1579,5,0.0,1.4735731641568983,0,33,3285.0,5.069421475325379e-11,274.78488087654114,
XV,KIRI,XV,ZAKA,466.4506469416308,FastMspec,False,,0.9105263157894737,190,74,0.0,9.670195004302393,0,33,3720.0,0.0067958206117112565,482.23945021629333,
XV,KIRI,XV,ZAKA,466.4506469416308,Mspec,False,,0.9302325581395349,86,10,0.0,inf,0,33,,,1519.9555368423462,
XV,KIRI,XV,ZAKA,466.4506469416308,MspecBestK,False,,0.9010416666666666,192,72,0.0,9.435632446773187,0,33,,,406.96794176101685,
XV,KIRI,XV,ZAKA,466.4506469416308,single-taper,False,,0.7394752898108603,1639,6,0.0,1.184838339297455,0,33,3720.0,4.651732127842746e-10,309.1911551952362,
XV,KIRI,XV,ZOBE,344.9110363884401,FastMspec,False,,0.8928571428571429,140,40,0.0,3.9406284604104758,0,33,3585.0,0.0018635142518667771,995.6326105594635,
XV,KIRI,XV,ZOBE,344.9110363884401,Mspec,False,,0.9464285714285714,56,0,0.0,,0,33,,,1615.3114969730377,
XV,KIRI,XV,ZOBE,344.9110363884401,MspecBestK,False,,0.8904109589041096,146,51,0.0,5.198748298164782,0,33,,,1043.6846120357513,
XV,KIRI,XV,ZOBE,344.9110363884401,single-taper,False,,0.803318992009834,1627,0,0.0,1.007503794960168,0,33,3585.0,6.524492677763952e-11,309.3519620895386,
XV,LAHA,XV,LONA,1078.4684585895154,FastMspec,False,,0.906832298136646,322,2,0.0,6.617206354889806,0,33,10425.0,0.02602866506191575,1291.9346249103546,
XV,LAHA,XV,LONA,1078.4684585895154,Mspec,False,,0.9867549668874173,151,4,0.0,6.515797919818811,0,33,,,4714.2249002456665,
XV,LAHA,XV,LONA,1078.4684585895154,MspecBestK,False,,0.9051987767584098,327,4,0.0,5.644346339381766,0,33,,,1092.3928656578064,
XV,LAHA,XV,LONA,1078.4684585895154,single-taper,False,,0.7599093997734995,1766,5,0.0,1.1986746359655296,0,33,10425.0,1.1654003008890893e-12,429.715873003006,
XV,LAHA,XV,MAGY,506.97561146144574,FastMspec,False,,0.8858267716535433,254,7,0.0,6.085868971102141,0,33,4125.0,8.581656936869233e-09,1156.0781707763672,
XV,LAHA,XV,MAGY,506.97561146144574,Mspec,False,,0.971830985915493,142,14,0.0,inf,0,33,,,1792.0920746326447,
XV,LAHA,XV,MAGY,506.97561146144574,MspecBestK,False,,0.889763779527559,254,7,0.0,6.191952608107783,0,33,,,1049.1989030838013,
XV,LAHA,XV,MAGY,506.97561146144574,single-taper,False,,0.6494597839135654,1666,31,0.0,1.2388804037040655,0,33,4125.0,2.964618897760231e-13,656.2384498119354,
XV,LAHA,XV,MAHA,955.7533781427071,FastMspec,False,,0.8603896103896104,308,0,0.0,,0,33,10305.0,0.00012731890020567315,1200.162031173706,
XV,LAHA,XV,MAHA,955.7533781427071,Mspec,False,,0.993421052631579,152,0,0.0,,0,33,,,6189.296249389648,
XV,LAHA,XV,MAHA,955.7533781427071,MspecBestK,False,,0.8558282208588958,326,6,0.0,11.427776335060457,0,33,,,1619.1109936237335,
XV,LAHA,XV,MAHA,955.7533781427071,single-taper,False,,0.7015873015873015,1890,7,0.0,1.3608139372690928,0,33,10305.0,1.0626867316671627e-12,434.80142426490784,
XV,LAHA,XV,MAJA,423.8295048733487,FastMspec,True,0.6000000000000012,0.7598039215686274,204,277,0.25333333333333335,3.2460233090478443,4,33,10365.0,0.0005612004715644974,1280.02565908432,
XV,LAHA,XV,MAJA,423.8295048733487,Mspec,False,,0.9489795918367347,98,6,0.0,3.350908593342504,0,33,,,4678.76987528801,
XV,LAHA,XV,MAJA,423.8295048733487,MspecBestK,True,0.6000000000000012,0.7598039215686274,204,277,0.25333333333333335,3.4104149306415543,5,33,,,1079.8989837169647,
XV,LAHA,XV,MAJA,423.8295048733487,single-taper,False,,0.7988980716253443,1452,13,0.0,1.2085093410775898,0,33,10365.0,3.766129501009659e-11,412.38405203819275,
XV,LAHA,XV,MARO,839.1389937300855,FastMspec,False,,0.9631901840490797,326,24,0.0,132.95818356855693,0,33,2355.0,0.0024750931799040437,976.9054210186005,
XV,LAHA,XV,MARO,839.1389937300855,Mspec,False,,0.9940476190476191,168,0,0.0,,0,33,,,1070.290448665619,
XV,LAHA,XV,MARO,839.1389937300855,MspecBestK,False,,0.9631901840490797,326,24,0.0,197.72765855518983,0,33,,,925.2781631946564,
XV,LAHA,XV,MARO,839.1389937300855,single-taper,False,,0.6665118439386902,2153,9,0.0,1.5331493848631739,0,33,2355.0,5.648876793968569e-13,231.5013449192047,
XV,LAHA,XV,MKVA,92.08806281530187,FastMspec,True,0.350000000000001,0.6666666666666666,63,352,0.576271186440678,inf,21,33,5655.0,0.0011013402020879045,1049.6722359657288,
XV,LAHA,XV,MKVA,92.08806281530187,Mspec,True,0.400000000000001,0.5517241379310345,29,349,0.7719298245614035,inf,23,33,,,3274.0360321998596,
XV,LAHA,XV,MKVA,92.08806281530187,MspecBestK,True,0.350000000000001,0.6440677966101694,59,377,0.576271186440678,inf,21,33,,,1305.254742383957,
XV,LAHA,XV,MKVA,92.08806281530187,single-taper,False,,0.9331619537275064,778,0,0.0,,0,33,5655.0,1.1590748365581974e-13,148.94043064117432,
XV,LAHA,XV,MMBE,1052.0270518152988,FastMspec,False,,0.950561797752809,445,12,0.0,13.87707909933601,0,33,10380.0,0.005249094495091073,1196.4907240867615,
XV,LAHA,XV,MMBE,1052.0270518152988,Mspec,False,,0.9953488372093023,215,1,0.0,6.40438922097597,0,33,,,4169.482959270477,
XV,LAHA,XV,MMBE,1052.0270518152988,MspecBestK,False,,0.9560439560439561,455,21,0.0,14.064475924168448,0,33,,,1657.7981441020966,
XV,LAHA,XV,MMBE,1052.0270518152988,single-taper,False,,0.6443974630021142,2365,13,0.0,1.207919212996344,0,33,10380.0,3.3220846762809298e-12,648.814195394516,
XV,LAHA,XV,SOLA,187.97185034054607,FastMspec,False,,0.9696969696969697,165,0,0.0,,0,33,1620.0,1.8172805603900654e-08,221.7052240371704,
XV,LAHA,XV,SOLA,187.97185034054607,Mspec,True,0.7000000000000013,0.7377049180327869,61,107,0.21875,7.098327386758434,10,33,,,762.2082812786102,
XV,LAHA,XV,SOLA,187.97185034054607,MspecBestK,False,,0.968944099378882,161,0,0.0,,0,33,,,192.01951694488525,
XV,LAHA,XV,SOLA,187.97185034054607,single-taper,False,,0.8003731343283582,1608,0,0.0,,0,33,1620.0,9.051696331258517e-13,420.1153109073639,
XV,LAHA,XV,TANS,530.1734538375553,FastMspec,False,,0.9323843416370107,281,0,0.0,,0,33,3315.0,0.0039011660502000917,1198.5246405601501,
XV,LAHA,XV,TANS,530.1734538375553,Mspec,False,,0.9936305732484076,157,0,0.0,,0,33,,,1498.9949855804443,
XV,LAHA,XV,TANS,530.1734538375553,MspecBestK,False,,0.9309090909090909,275,0,0.0,,0,33,,,1077.7200486660004,
XV,LAHA,XV,TANS,530.1734538375553,single-taper,False,,0.7202133965619443,1687,34,0.0,1.410780963512265,0,33,3315.0,3.154594934157662e-10,245.53633666038513,
XV,LAHA,XV,VATO,508.30415347595186,FastMspec,False,,0.8910256410256411,312,0,0.0,,0,33,2385.0,1.3190860582862526e-08,1040.4953758716583,
XV,LAHA,XV,VATO,508.30415347595186,Mspec,False,,0.9516129032258065,186,16,0.0,2.2131896229199035,0,33,,,996.1093657016754,
XV,LAHA,XV,VATO,508.30415347595186,MspecBestK,False,,0.9193548387096774,310,0,0.0,,0,33,,,960.813499212265,
XV,LAHA,XV,VATO,508.30415347595186,single-taper,False,,0.6624338624338625,1890,3,0.0,2.060680077430354,0,33,2385.0,9.591995761428045e-13,352.25353240966797,
XV,LAHA,XV,VINA,649.2190134720269,FastMspec,False,,0.9219858156028369,282,5,0.0,2.272296139698701,0,33,5415.0,1.2370630472698317e-05,1247.9860708713531,
XV,LAHA,XV,VINA,649.2190134720269,Mspec,False,,0.9736842105263158,114,1,0.0,2.7146755418288855,0,33,,,2361.7667393684387,
XV,LAHA,XV,VINA,649.2190134720269,MspecBestK,False,,0.9244604316546763,278,5,0.0,2.267083268451939,0,33,,,1274.7824153900146,
XV,LAHA,XV,VINA,649.2190134720269,single-taper,False,,0.7211895910780669,1883,25,0.0,1.5587713752529768,0,33,5415.0,2.026877288643254e-12,466.45293617248535,
XV,LAHA,XV,ZAKA,380.2611325727414,FastMspec,False,,0.9161290322580645,155,6,0.0,4.030456893341902,0,33,4425.0,0.002465304640174109,1014.5585200786591,
XV,LAHA,XV,ZAKA,380.2611325727414,Mspec,False,,0.990990990990991,111,0,0.0,,0,33,,,1994.0627315044403,
XV,LAHA,XV,ZAKA,380.2611325727414,MspecBestK,False,,0.9119496855345912,159,38,0.0,12.244377287714032,0,33,,,884.0015077590942,
XV,LAHA,XV,ZAKA,380.2611325727414,single-taper,False,,0.7544776119402985,1340,6,0.0,1.9277348353998054,0,33,4425.0,1.9367370698641352e-10,461.3125741481781,
XV,LAHA,XV,ZOBE,483.03269228239,FastMspec,False,,0.9484536082474226,194,0,0.0,424.49488360087867,0,33,5895.0,0.0010761199070026572,610.3087613582611,
XV,LAHA,XV,ZOBE,483.03269228239,Mspec,False,,0.9578947368421052,95,0,0.0,,0,33,,,2590.001061439514,
XV,LAHA,XV,ZOBE,483.03269228239,MspecBestK,False,,0.9468085106382979,188,0,0.0,444.1061110328976,0,33,,,559.5416288375854,
XV,LAHA,XV,ZOBE,483.03269228239,single-taper,False,,0.8334401024983985,1561,3,0.0,1.905687833607496,0,33,5895.0,3.1802206567933126e-11,680.8816130161285,
XV,LONA,XV,MAGY,621.5962780610137,FastMspec,True,0.8000000000000014,0.603448275862069,232,942,0.4246575342465753,6.337424684397855,11,33,4125.0,2.475759549575614e-05,2144.6731519699097,
XV,LONA,XV,MAGY,621.5962780610137,Mspec,False,,0.9385964912280702,114,21,0.0,inf,0,33,,,1818.8830518722534,
XV,LONA,XV,MAGY,621.5962780610137,MspecBestK,True,0.8000000000000014,0.6101694915254238,236,1013,0.4383561643835616,inf,11,33,,,2557.4209744930267,
XV,LONA,XV,MAGY,621.5962780610137,single-taper,False,,0.6992966002344666,1706,5,0.0,1.7262251811261824,0,33,4125.0,5.709547340638644e-13,300.0986852645874,
XV,LONA,XV,MAHA,349.7870735550419,FastMspec,False,,0.8513513513513513,148,31,0.0,49.5682594141758,0,33,10335.0,0.007276530871837432,1355.733338356018,
XV,LONA,XV,MAHA,349.7870735550419,Mspec,False,,0.9058823529411765,85,20,0.0,2.8731472128244735,0,33,,,4629.476303815842,
XV,LONA,XV,MAHA,349.7870735550419,MspecBestK,True,0.20000000000000084,0.6438356164383562,146,674,0.6493506493506493,14.679958742728198,2,33,,,1108.91042304039,
XV,LONA,XV,MAHA,349.7870735550419,single-taper,False,,0.833616298811545,1178,2,0.0,1.573552097642296,0,33,10335.0,4.821449453516123e-13,457.097163438797,
XV,LONA,XV,MAJA,817.6439407098351,FastMspec,False,,0.8489932885906041,298,34,0.0,44.58933043951979,0,33,10530.0,0.015701162999117235,1556.8484988212585,
XV,LONA,XV,MAJA,817.6439407098351,Mspec,False,,0.9411764705882353,136,4,0.0,inf,0,33,,,4272.048198461533,
XV,LONA,XV,MAJA,817.6439407098351,MspecBestK,False,,0.8424657534246576,292,33,0.0,55.409712894734405,0,33,,,1070.2437801361084,
XV,LONA,XV,MAJA,817.6439407098351,single-taper,False,,0.7770143660212367,1601,2,0.0,1.308343105633084,0,33,10530.0,4.665001714601853e-11,692.8975052833557,
XV,LONA,XV,MARO,298.35391715122415,FastMspec,False,,0.8956521739130435,230,19,0.0,3.8962902446774104,0,33,2430.0,0.0009590152891473072,623.0093188285828,
XV,LONA,XV,MARO,298.35391715122415,Mspec,True,0.45000000000000107,0.8316831683168316,101,174,0.2328767123287671,1.8187910463580153,7,33,,,2592.3904852867126,
XV,LONA,XV,MARO,298.35391715122415,MspecBestK,False,,0.8928571428571429,224,18,0.0,3.517743290704899,0,33,,,913.5171625614166,
XV,LONA,XV,MARO,298.35391715122415,single-taper,False,,0.7139588100686499,1748,4,0.0,1.7101670294122178,0,33,2430.0,4.4373871924445943e-13,110.18240070343018,
XV,LONA,XV,MKVA,1139.2413876263681,FastMspec,False,,0.937007874015748,381,0,0.0,,0,33,5595.0,0.04538334168546337,1342.9126346111298,
XV,LONA,XV,MKVA,1139.2413876263681,Mspec,False,,0.9922480620155039,129,3,0.0,116.66234009532644,0,33,,,2021.115948677063,
XV,LONA,XV,MKVA,1139.2413876263681,MspecBestK,False,,0.9383033419023136,389,0,0.0,,0,33,,,1178.4827852249146,
XV,LONA,XV,MKVA,1139.2413876263681,single-taper,False,,0.7214031520081342,1967,12,0.0,1.2589896613312395,0,33,5595.0,1.1830943263026494e-12,288.2853889465332,
XV,LONA,XV,MMBE,151.0375327767523,FastMspec,True,0.6000000000000012,0.44881889763779526,127,539,0.46835443037974683,1.595681757291494,4,33,10500.0,0.0040636016283978425,1137.9236035346985,
XV,LONA,XV,MMBE,151.0375327767523,Mspec,True,-0.4999999999999998,0.912621359223301,103,146,0.2638888888888889,8.016828077795592,7,33,,,4701.428967475891,
XV,LONA,XV,MMBE,151.0375327767523,MspecBestK,True,0.6000000000000012,0.4728682170542636,129,564,0.46835443037974683,1.5885565603671905,6,33,,,1833.3788812160492,
XV,LONA,XV,MMBE,151.0375327767523,single-taper,False,,0.8667953667953668,1036,0,0.0,,0,33,10500.0,2.2866023407411922e-12,101.14598774909973,
XV,LONA,XV,SOLA,906.3292924882792,FastMspec,False,,0.948019801980198,404,15,0.0,inf,0,33,1620.0,0.11486113310927473,255.0359013080597,
XV,LONA,XV,SOLA,906.3292924882792,Mspec,False,,0.9937888198757764,161,0,0.0,,0,33,,,673.9281845092773,
XV,LONA,XV,SOLA,906.3292924882792,MspecBestK,False,,0.945273631840796,402,16,0.0,inf,0,33,,,247.52988386154175,
XV,LONA,XV,SOLA,906.3292924882792,single-taper,False,,0.6553419758605274,2237,2,0.0,1.0281615576935574,0,33,1620.0,2.6536853417103727e-12,846.0712988376617,
XV,LONA,XV,TANS,548.8623019039342,FastMspec,False,,0.93,300,0,0.0,inf,0,33,3240.0,0.057085544546376564,337.38470435142517,
XV,LONA,XV,TANS,548.8623019039342,Mspec,False,,0.9583333333333334,120,6,0.0,2.189336047885235,0,33,,,1246.2181134223938,
XV,LONA,XV,TANS,548.8623019039342,MspecBestK,False,,0.9265175718849841,313,7,0.0,2.437313570053003,0,33,,,362.4055700302124,
XV,LONA,XV,TANS,548.8623019039342,single-taper,False,,0.6187766714082503,2109,3,0.0,2.219650538734746,0,33,3240.0,4.317077917201819e-10,427.7823030948639,
XV,LONA,XV,VATO,620.9607164073652,FastMspec,False,,0.9450171821305842,291,8,0.0,6.109002733080671,0,33,2550.0,9.031454093308332e-05,321.0941321849823,
XV,LONA,XV,VATO,620.9607164073652,Mspec,False,,0.9823529411764705,170,0,0.0,,0,33,,,961.1019649505615,
XV,LONA,XV,VATO,620.9607164073652,MspecBestK,False,,0.9347079037800687,291,32,0.0,6.3305622438450335,0,33,,,284.3926169872284,
XV,LONA,XV,VATO,620.9607164073652,single-taper,False,,0.6661669165417291,2001,6,0.0,1.4555713339604301,0,33,2550.0,7.041898175062682e-13,377.03868412971497,
XV,LONA,XV,VINA,523.7051451234886,FastMspec,False,,0.8921161825726142,241,82,0.0,9.598286048820986,0,33,5415.0,0.031380916354955796,1324.1213874816895,
XV,LONA,XV,VINA,523.7051451234886,Mspec,False,,0.9906542056074766,107,0,0.0,,0,33,,,2363.154159784317,
XV,LONA,XV,VINA,523.7051451234886,MspecBestK,False,,0.8921161825726142,241,82,0.0,9.462312170230192,0,33,,,1282.5422565937042,
XV,LONA,XV,VINA,523.7051451234886,single-taper,False,,0.6788553259141494,1887,3,0.0,1.5949283001967842,0,33,5415.0,2.072990702881059e-12,334.6753535270691,
XV,LONA,XV,ZAKA,699.3041586641864,FastMspec,True,0.6000000000000012,0.7881944444444444,288,518,0.32,1.8898362007906793,3,33,4425.0,0.004349544106262761,1370.9897768497467,
XV,LONA,XV,ZAKA,699.3041586641864,Mspec,False,,0.9426229508196722,122,0,0.0,,0,33,,,1715.0238392353058,
XV,LONA,XV,ZAKA,699.3041586641864,MspecBestK,True,0.350000000000001,0.7951388888888888,288,723,0.3466666666666667,2.7839404133180143,4,33,,,1299.0713379383087,
XV,LONA,XV,ZAKA,699.3041586641864,single-taper,False,,0.6922666666666667,1875,11,0.0,1.7548664046155347,0,33,4425.0,5.01211890307482e-09,382.5491786003113,
XV,LONA,XV,ZOBE,602.3219057842366,FastMspec,False,,0.915929203539823,226,1,0.0,inf,0,33,5895.0,0.029600484996834205,622.7162396907806,
XV,LONA,XV,ZOBE,602.3219057842366,Mspec,False,,0.9726027397260274,73,18,0.0,inf,0,33,,,2420.9456131458282,
XV,LONA,XV,ZOBE,602.3219057842366,MspecBestK,False,,0.9099099099099099,222,9,0.0,inf,0,33,,,1376.6735935211182,
XV,LONA,XV,ZOBE,602.3219057842366,single-taper,False,,0.7451317296678122,1746,2,0.0,1.2460887616630785,0,33,5895.0,3.7666577253806864e-11,395.9252698421478,
XV,MAGY,XV,MAHA,448.8081146941433,FastMspec,False,,0.8927038626609443,233,20,0.0,5.760243932120331,0,33,4125.0,7.3049708093782815e-09,1175.1506621837616,
XV,MAGY,XV,MAHA,448.8081146941433,Mspec,False,,0.9098360655737705,122,3,0.0,1.9190604521141617,0,33,,,2503.0724215507507,
XV,MAGY,XV,MAHA,448.8081146941433,MspecBestK,False,,0.8898678414096917,227,20,0.0,5.874197512928052,0,33,,,660.1484384536743,
XV,MAGY,XV,MAHA,448.8081146941433,single-taper,False,,0.7121212121212122,1716,9,0.0,2.108061954051382,0,33,4125.0,9.239746298307822e-13,355.05203437805176,
XV,MAGY,XV,MAJA,481.8349305839754,FastMspec,False,,0.8831168831168831,231,2,0.0,5.6151841448442585,0,33,4125.0,0.0006781713598702627,429.7706084251404,
XV,MAGY,XV,MAJA,481.8349305839754,Mspec,False,,0.9705882352941176,102,21,0.0,44.900278475726644,0,33,,,1781.2632131576538,
XV,MAGY,XV,MAJA,481.8349305839754,MspecBestK,False,,0.8841201716738197,233,2,0.0,5.6572945104442045,0,33,,,390.61431407928467,
XV,MAGY,XV,MAJA,481.8349305839754,single-taper,False,,0.737315350032113,1557,3,0.0,3.0832777798907807,0,33,4125.0,3.9944466285607786e-13,216.84258365631104,
XV,MAGY,XV,MKVA,587.5175983340191,FastMspec,False,,0.8888888888888888,288,4,0.0,8.243516418323399,0,33,1695.0,0.000531591391110968,229.80595421791077,
XV,MAGY,XV,MKVA,587.5175983340191,Mspec,False,,0.9685534591194969,159,1,0.0,inf,0,33,,,701.1349511146545,
XV,MAGY,XV,MKVA,587.5175983340191,MspecBestK,False,,0.8881118881118881,286,4,0.0,8.32340157589084,0,33,,,164.77679181098938,
XV,MAGY,XV,MKVA,587.5175983340191,single-taper,False,,0.6989061600460564,1737,10,0.0,1.847828121184697,0,33,1695.0,5.419518937265246e-13,576.3481588363647,
XV,MAGY,XV,MMBE,643.3135811249615,FastMspec,False,,0.9271070615034168,439,0,0.0,,0,33,4125.0,0.0021843746781580737,1193.144543170929,
XV,MAGY,XV,MMBE,643.3135811249615,Mspec,False,,0.9608938547486033,179,9,0.0,2.224626049705586,0,33,,,1712.1813294887543,
XV,MAGY,XV,MMBE,643.3135811249615,MspecBestK,False,,0.9196217494089834,423,0,0.0,,0,33,,,1070.0720255374908,
XV,MAGY,XV,MMBE,643.3135811249615,single-taper,False,,0.5904842820730671,2354,12,0.0,2.0571249788777446,0,33,4125.0,2.4024005342017803e-12,304.82572960853577,
XV,MAGY,XV,SOLA,384.43912703289396,FastMspec,False,,0.9772727272727273,264,4,0.0,inf,0,33,,,755.890590429306,
XV,MAGY,XV,SOLA,384.43912703289396,Mspec,False,,0.9901960784313726,102,0,0.0,,0,33,,,731.3814718723297,
XV,MAGY,XV,SOLA,384.43912703289396,MspecBestK,False,,0.9689922480620154,258,11,0.0,1.9205570308347024,0,33,,,756.3451209068298,
XV,MAGY,XV,SOLA,384.43912703289396,single-taper,False,,0.6452232357177148,2083,10,0.0,1.3917350232312695,0,33,,,606.4152269363403,
XV,MAGY,XV,TANS,156.4311843237626,FastMspec,True,0.45000000000000107,0.88,125,234,0.27848101265822783,36.22435450977414,5,33,1485.0,5.558865012421815e-09,868.2916173934937,
XV,MAGY,XV,TANS,156.4311843237626,Mspec,True,0.6000000000000012,0.7407407407407407,54,248,0.36923076923076925,26.14070163028712,20,33,,,1713.0826330184937,
XV,MAGY,XV,TANS,156.4311843237626,MspecBestK,True,0.400000000000001,0.8739495798319328,119,238,0.27848101265822783,35.432851695568836,5,33,,,854.6317262649536,
XV,MAGY,XV,TANS,156.4311843237626,single-taper,False,,0.8110566829951015,1429,2,0.0,1.3606798679056487,0,33,1485.0,1.0997263527668599e-12,125.61176204681396,
XV,MAGY,XV,VINA,415.10599666943153,FastMspec,True,0.350000000000001,0.8084112149532711,214,590,0.4266666666666667,9.922094697977482,12,33,1710.0,8.100595645952776e-05,1135.7264075279236,
XV,MAGY,XV,VINA,415.10599666943153,Mspec,False,,0.9235668789808917,157,0,0.0,,0,33,,,766.5804853439331,
XV,MAGY,XV,VINA,415.10599666943153,MspecBestK,True,0.30000000000000093,0.7952380952380952,210,600,0.4266666666666667,10.452144897666054,11,33,,,1143.3209869861603,
XV,MAGY,XV,VINA,415.10599666943153,single-taper,False,,0.7069486404833837,1655,28,0.0,1.5507415807103104,0,33,1710.0,1.3395934237228845e-12,411.7885353565216,
XV,MAGY,XV,ZAKA,173.7090057575934,FastMspec,True,0.6500000000000012,0.8235294117647058,119,176,0.3013698630136986,21.690354263764245,17,33,1785.0,6.3381383599958404e-09,996.525087594986,
XV,MAGY,XV,ZAKA,173.7090057575934,Mspec,True,0.45000000000000107,0.7843137254901961,51,181,0.5178571428571429,inf,19,33,,,2654.4297049045563,
XV,MAGY,XV,ZAKA,173.7090057575934,MspecBestK,True,0.6500000000000012,0.8235294117647058,119,176,0.3013698630136986,21.485392673140222,17,33,,,934.132660150528,
XV,MAGY,XV,ZAKA,173.7090057575934,single-taper,False,,0.8306836248012719,1258,8,0.0,1.913425042178828,0,33,1785.0,4.0202441587987393e-13,286.73654413223267,
XV,MAGY,XV,ZOBE,226.25251620026904,FastMspec,False,,0.9568965517241379,116,3,0.0,18.556100255542745,0,33,2010.0,8.549576585635694e-09,930.6492490768433,
XV,MAGY,XV,ZOBE,226.25251620026904,Mspec,False,,0.9827586206896551,58,2,0.0,inf,0,33,,,917.9108982086182,
XV,MAGY,XV,ZOBE,226.25251620026904,MspecBestK,False,,0.923728813559322,118,7,0.0,35.90452173255483,0,33,,,911.7333278656006,
XV,MAGY,XV,ZOBE,226.25251620026904,single-taper,False,,0.8118131868131868,1456,7,0.0,1.3838968210278109,0,33,2010.0,5.084241060759854e-13,407.4365861415863,
XV,MAHA,XV,MAJA,837.7124796087467,FastMspec,False,,0.8854489164086687,323,25,0.0,11.076361946967788,0,33,10335.0,0.0012966529181650216,1495.7560727596283,
XV,MAHA,XV,MAJA,837.7124796087467,Mspec,False,,0.9586206896551724,145,3,0.0,3.1456844236841714,0,33,,,3412.731836795807,
XV,MAHA,XV,MAJA,837.7124796087467,MspecBestK,False,,0.873015873015873,315,17,0.0,10.261510692424482,0,33,,,1749.0773346424103,
XV,MAHA,XV,MAJA,837.7124796087467,single-taper,False,,0.7607003891050583,1542,19,0.0,1.3016202664855248,0,33,10335.0,4.5756765661436235e-11,551.2872552871704,
XV,MAHA,XV,MARO,468.29666178737494,FastMspec,False,,0.876984126984127,252,35,0.0,10.798275752435014,0,33,2385.0,0.0009332058629302132,287.26780819892883,
XV,MAHA,XV,MARO,468.29666178737494,Mspec,False,,0.907563025210084,119,0,0.0,,0,33,,,1207.0354714393616,
XV,MAHA,XV,MARO,468.29666178737494,MspecBestK,False,,0.8809523809523809,252,35,0.0,10.665226130600287,0,33,,,287.8275444507599,
XV,MAHA,XV,MARO,468.29666178737494,single-taper,False,,0.6868464501926252,1817,10,0.0,1.604789012536217,0,33,2385.0,6.03352621483454e-13,397.371054649353,
XV,MAHA,XV,MKVA,1035.1045263077913,FastMspec,False,,0.8973684210526316,380,8,0.0,5.143022482701164,0,33,5475.0,0.002930799590324566,1377.144760131836,
XV,MAHA,XV,MKVA,1035.1045263077913,Mspec,False,,0.978494623655914,186,2,0.0,1.178751335459179,0,33,,,2458.601823091507,
XV,MAHA,XV,MKVA,1035.1045263077913,MspecBestK,False,,0.8986666666666666,375,7,0.0,6.559671434802349,0,33,,,1080.4254429340363,
XV,MAHA,XV,MKVA,1035.1045263077913,single-taper,False,,0.742145178764897,1846,9,0.0,1.3992993781513896,0,33,5475.0,1.3732306220374665e-12,460.24334263801575,
XV,MAHA,XV,MMBE,470.9720105279111,FastMspec,False,,0.9266666666666666,300,8,0.0,inf,0,33,10335.0,0.007006997025047846,1585.1916677951813,
XV,MAHA,XV,MMBE,470.9720105279111,Mspec,False,,0.9878787878787879,165,6,0.0,13.645011984936364,0,33,,,4557.149045944214,
XV,MAHA,XV,MMBE,470.9720105279111,MspecBestK,False,,0.9429530201342282,298,8,0.0,inf,0,33,,,958.5181274414062,
XV,MAHA,XV,MMBE,470.9720105279111,single-taper,False,,0.6353488372093024,2150,5,0.0,1.5364862133545305,0,33,10335.0,2.820671882046452e-12,358.36702513694763,
XV,MAHA,XV,SOLA,821.2561125934382,FastMspec,False,,0.935672514619883,342,25,0.0,37.10837974222042,0,33,1590.0,1.2390030621992079e-08,883.0414094924927,
XV,MAHA,XV,SOLA,821.2561125934382,Mspec,False,,0.9945652173913043,184,3,0.0,31.09822312135,0,33,,,2025.9923510551453,
XV,MAHA,XV,SOLA,821.2561125934382,MspecBestK,False,,0.9311377245508982,334,14,0.0,3.987120446095527,0,33,,,833.4239392280579,
XV,MAHA,XV,SOLA,821.2561125934382,single-taper,False,,0.6664972038637519,1967,13,0.0,1.3939326209187224,0,33,1590.0,1.4312043305552445e-12,242.32578039169312,
XV,MAHA,XV,TANS,473.2200447106886,FastMspec,False,,0.9354838709677419,217,8,0.0,inf,0,33,3120.0,0.00627264632145985,1026.021755695343,
XV,MAHA,XV,TANS,473.2200447106886,Mspec,False,,0.9632352941176471,136,15,0.0,2.286022226310778,0,33,,,2587.807609319687,
XV,MAHA,XV,TANS,473.2200447106886,MspecBestK,False,,0.9366515837104072,221,9,0.0,inf,0,33,,,962.2680196762085,
XV,MAHA,XV,TANS,473.2200447106886,single-taper,False,,0.6787878787878788,1815,9,0.0,1.2327803061293456,0,33,3120.0,5.072503533488066e-11,501.949910402298,
XV,MAHA,XV,VATO,447.49409398844165,FastMspec,False,,0.9233449477351916,287,2,0.0,1.6096030385923452,0,33,2415.0,5.296010646549037e-06,1055.8387229442596,
XV,MAHA,XV,VATO,447.49409398844165,Mspec,False,,0.9927536231884058,138,13,0.0,inf,0,33,,,988.023291349411,
XV,MAHA,XV,VATO,447.49409398844165,MspecBestK,False,,0.9187279151943463,283,7,0.0,1.8704778986665869,0,33,,,1038.4351632595062,
XV,MAHA,XV,VATO,447.49409398844165,single-taper,False,,0.676728334956183,2054,17,0.0,1.470986421207183,0,33,2415.0,1.03767638311172e-12,453.50288367271423,
XV,MAHA,XV,VINA,611.6712938275747,FastMspec,False,,0.9405940594059405,202,18,0.0,1.7403760446835161,0,33,5415.0,6.475061858441586e-05,1507.5600180625916,
XV,MAHA,XV,VINA,611.6712938275747,Mspec,False,,0.9926470588235294,136,42,0.0,inf,0,33,,,1943.7340710163116,
XV,MAHA,XV,VINA,611.6712938275747,MspecBestK,False,,0.9320388349514563,206,23,0.0,3.788695111808905,0,33,,,1162.5929806232452,
XV,MAHA,XV,VINA,611.6712938275747,single-taper,False,,0.7959048877146632,1514,8,0.0,1.6323200065400836,0,33,5415.0,1.4692727839802607e-12,200.98840832710266,
XV,MAHA,XV,ZAKA,596.9330794906608,FastMspec,False,,0.8879668049792531,241,6,0.0,2.4219280977866418,0,33,4425.0,0.0037662279913638105,532.9571013450623,
XV,MAHA,XV,ZAKA,596.9330794906608,Mspec,False,,0.9925373134328358,134,1,0.0,19.68206873772482,0,33,,,1801.8527405261993,
XV,MAHA,XV,ZAKA,596.9330794906608,MspecBestK,False,,0.8866396761133604,247,20,0.0,3.106767789579341,0,33,,,468.93261885643005,
XV,MAHA,XV,ZAKA,596.9330794906608,single-taper,False,,0.7469951923076923,1664,2,0.0,2.6569971142625644,0,33,4425.0,2.6832695346097197e-10,560.3397746086121,
XV,MAHA,XV,ZOBE,561.8601566946433,FastMspec,False,,0.9282296650717703,209,9,0.0,3.8044999356075477,0,33,5790.0,0.001023016644166446,605.5223186016083,
XV,MAHA,XV,ZOBE,561.8601566946433,Mspec,False,,0.9912280701754386,114,5,0.0,inf,0,33,,,2367.3762035369873,
XV,MAHA,XV,ZOBE,561.8601566946433,MspecBestK,False,,0.9289099526066351,211,9,0.0,4.010442573301161,0,33,,,514.8884122371674,
XV,MAHA,XV,ZOBE,561.8601566946433,single-taper,False,,0.7773359840954275,1509,7,0.0,1.2496676373289346,0,33,5790.0,3.466301320056953e-11,725.4295582771301,
XV,MAJA,XV,MARO,527.9900740934623,FastMspec,False,,0.9227799227799228,259,61,0.0,inf,0,33,2430.0,0.0022183551472632923,341.1025514602661,
XV,MAJA,XV,MARO,527.9900740934623,Mspec,False,,0.9911504424778761,113,0,0.0,,0,33,,,1073.1519136428833,
XV,MAJA,XV,MARO,527.9900740934623,MspecBestK,False,,0.9239543726235742,263,61,0.0,inf,0,33,,,302.33050870895386,
XV,MAJA,XV,MARO,527.9900740934623,single-taper,False,,0.696969696969697,1914,2,0.0,2.5047135427469325,0,33,2430.0,2.3239002165496016e-13,380.7144949436188,
XV,MAJA,XV,MKVA,428.881213433597,FastMspec,True,-0.2999999999999996,0.8210526315789474,190,532,0.5569620253164557,7.595643806539252,23,33,5535.0,0.0008890710357687807,903.3783586025238,
XV,MAJA,XV,MKVA,428.881213433597,Mspec,False,,0.9036144578313253,83,22,0.0,25.368447679954436,0,33,,,2448.823103904724,
XV,MAJA,XV,MKVA,428.881213433597,MspecBestK,True,-0.2999999999999996,0.8157894736842105,190,284,0.44871794871794873,5.513584178719282,25,33,,,778.839236497879,
XV,MAJA,XV,MKVA,428.881213433597,single-taper,False,,0.745702005730659,1396,11,0.0,1.4668581715490712,0,33,5535.0,7.818219116025619e-11,454.1566712856293,
XV,MAJA,XV,MMBE,742.3337481620018,FastMspec,False,,0.9262672811059908,434,0,0.0,,0,33,10485.0,0.00665185934190544,1257.9628562927246,
XV,MAJA,XV,MMBE,742.3337481620018,Mspec,False,,0.9938271604938271,162,16,0.0,inf,0,33,,,4657.013808250427,
XV,MAJA,XV,MMBE,742.3337481620018,MspecBestK,False,,0.9004629629629629,432,0,0.0,,0,33,,,1926.3358361721039,
XV,MAJA,XV,MMBE,742.3337481620018,single-taper,False,,0.6384335154826958,2196,17,0.0,1.3310337647171184,0,33,10485.0,8.126773946444616e-11,740.1420726776123,
XV,MAJA,XV,SOLA,257.20103610087574,FastMspec,True,-0.09999999999999942,0.8595505617977528,178,291,0.3026315789473684,2.5781843821438266,16,33,1620.0,0.0018224992634225399,966.0785253047943,
XV,MAJA,XV,SOLA,257.20103610087574,Mspec,False,,0.9365079365079365,63,4,0.0,inf,0,33,,,2423.8054790496826,
XV,MAJA,XV,SOLA,257.20103610087574,MspecBestK,True,-0.09999999999999942,0.8493975903614458,166,291,0.3026315789473684,2.5774466056391825,17,33,,,932.1433501243591,
XV,MAJA,XV,SOLA,257.20103610087574,single-taper,False,,0.7777053455019557,1534,2,0.0,1.0099019168153733,0,33,1620.0,1.1741597254173942e-10,212.6282296180725,
XV,MAJA,XV,TANS,373.7661283131556,FastMspec,False,,0.8672985781990521,211,21,0.0,2.1520291532554774,0,33,3180.0,0.0035069058433576284,353.70521569252014,
XV,MAJA,XV,TANS,373.7661283131556,Mspec,False,,0.8846153846153846,104,0,0.0,,0,33,,,1781.7426886558533,
XV,MAJA,XV,TANS,373.7661283131556,MspecBestK,True,-0.24999999999999956,0.8018433179723502,217,666,0.4050632911392405,6.1329592753163675,17,33,,,690.8445119857788,
XV,MAJA,XV,TANS,373.7661283131556,single-taper,False,,0.7875,1600,6,0.0,1.4288066032990463,0,33,3180.0,2.0164392081348798e-10,261.60893154144287,
XV,MAJA,XV,VATO,483.3035073767794,FastMspec,False,,0.8801261829652997,317,23,0.0,1.5108049225086813,0,33,2565.0,8.179601357124742e-08,326.037321805954,
XV,MAJA,XV,VATO,483.3035073767794,Mspec,False,,0.9573170731707317,164,12,0.0,3.576016875905471,0,33,,,1150.2511267662048,
XV,MAJA,XV,VATO,483.3035073767794,MspecBestK,False,,0.886435331230284,317,24,0.0,1.507522598689085,0,33,,,326.2220997810364,
XV,MAJA,XV,VATO,483.3035073767794,single-taper,False,,0.675930781331935,1907,5,0.0,1.924966793928013,0,33,2565.0,7.380474431293401e-13,456.5514214038849,
XV,MAJA,XV,VINA,300.36777713991404,FastMspec,True,0.6500000000000012,0.7333333333333333,180,253,0.2631578947368421,2.056864018929991,5,33,5415.0,0.0006208739793362098,658.5999870300293,
XV,MAJA,XV,VINA,300.36777713991404,Mspec,True,0.7000000000000013,0.8857142857142857,70,144,0.28125,inf,3,33,,,2455.485502719879,
XV,MAJA,XV,VINA,300.36777713991404,MspecBestK,True,0.7500000000000013,0.7471910112359551,178,245,0.2631578947368421,2.038234609281958,5,33,,,559.8494095802307,
XV,MAJA,XV,VINA,300.36777713991404,single-taper,False,,0.8084179970972424,1378,8,0.0,2.3437385635090613,0,33,5415.0,6.190236076473376e-11,90.04718542098999,
XV,MAJA,XV,ZAKA,316.973238307823,FastMspec,False,,0.8170731707317073,164,25,0.0,inf,0,33,4425.0,0.0015310616273244762,491.57487440109253,
XV,MAJA,XV,ZAKA,316.973238307823,Mspec,False,,0.8428571428571429,70,0,0.0,inf,0,33,,,1908.000951051712,
XV,MAJA,XV,ZAKA,316.973238307823,MspecBestK,False,,0.8170731707317073,164,25,0.0,inf,0,33,,,568.4904861450195,
XV,MAJA,XV,ZAKA,316.973238307823,single-taper,False,,0.764525993883792,1308,3,0.0,1.4056169259494713,0,33,4425.0,1.3972079740519398e-10,100.8208658695221,
XV,MAJA,XV,ZOBE,280.67645257299705,FastMspec,True,0.400000000000001,0.4936708860759494,158,537,0.3684210526315789,inf,4,33,5850.0,0.0006368296310785697,809.4868078231812,
XV,MAJA,XV,ZOBE,280.67645257299705,Mspec,False,,0.85,60,52,0.0,inf,0,33,,,2428.7930026054382,
XV,MAJA,XV,ZOBE,280.67645257299705,MspecBestK,True,0.400000000000001,0.4936708860759494,158,473,0.35526315789473684,inf,4,33,,,635.1154234409332,
XV,MAJA,XV,ZOBE,280.67645257299705,single-taper,False,,0.84375,1024,2,0.0,1.3868399453946418,0,33,5850.0,4.7730066966998324e-11,267.2916479110718,
XV,MARO,XV,MMBE,217.55166072964576,FastMspec,True,0.5500000000000012,0.8,180,165,0.34615384615384615,2.580830358328827,8,33,2430.0,0.0025806589951074257,471.6808650493622,
XV,MARO,XV,MMBE,217.55166072964576,Mspec,False,,0.9444444444444444,72,6,0.0,inf,0,33,,,1067.2594006061554,
XV,MARO,XV,MMBE,217.55166072964576,MspecBestK,True,0.6000000000000012,0.8055555555555556,180,160,0.358974358974359,2.517312024009808,9,33,,,356.4970121383667,
XV,MARO,XV,MMBE,217.55166072964576,single-taper,False,,0.7343234323432343,1818,2,0.0,2.0256938873922286,0,33,2430.0,2.58855332104276e-13,233.28295183181763,
XV,MARO,XV,VATO,472.2349867534685,FastMspec,False,,0.9298245614035088,285,12,0.0,21.836654092311438,0,33,2430.0,0.001318177522935189,1003.5740444660187,
XV,MARO,XV,VATO,472.2349867534685,Mspec,False,,0.9305555555555556,72,0,0.0,1.5182550536261674,0,33,,,2255.5221331119537,
XV,MARO,XV,VATO,472.2349867534685,MspecBestK,False,,0.9347079037800687,291,0,0.0,,0,33,,,935.0474898815155,
XV,MARO,XV,VATO,472.2349867534685,single-taper,False,,0.6450459652706844,1958,14,0.0,1.848034718577157,0,33,2430.0,6.891280116854916e-13,700.2168142795563,
XV,MKVA,XV,MMBE,1102.860864089303,FastMspec,False,,0.9803921568627451,459,2,0.0,2.578840675508466,0,33,5550.0,0.004939749601102759,586.6388990879059,
XV,MKVA,XV,MMBE,1102.860864089303,Mspec,False,,0.9808917197452229,157,1,0.0,25.46972611584364,0,33,,,2439.771323442459,
XV,MKVA,XV,MMBE,1102.860864089303,MspecBestK,False,,0.9664570230607966,477,0,0.0,1.2716384869738582,0,33,,,474.6624081134796,
XV,MKVA,XV,MMBE,1102.860864089303,single-taper,False,,0.6404166666666666,2400,4,0.0,1.22246170353976,0,33,5550.0,3.631398605632607e-12,634.3818244934082,
XV,MKVA,XV,SOLA,233.3397511140328,FastMspec,False,,0.9453551912568307,183,6,0.0,inf,0,33,1455.0,0.0006723356764741681,151.7372817993164,
XV,MKVA,XV,SOLA,233.3397511140328,Mspec,True,0.5500000000000012,0.7912087912087912,91,290,0.49230769230769234,5.3656765143729315,22,33,,,759.0009818077087,
XV,MKVA,XV,SOLA,233.3397511140328,MspecBestK,False,,0.9470899470899471,189,6,0.0,inf,0,33,,,129.7379550933838,
XV,MKVA,XV,SOLA,233.3397511140328,single-taper,False,,0.7408518296340731,1667,8,0.0,2.0583207038600113,0,33,1455.0,7.439145967288802e-13,234.35103011131287,
XV,MKVA,XV,TANS,595.0810344105271,FastMspec,False,,0.9368421052631579,285,4,0.0,8.42367435737156,0,33,3300.0,0.004206128474750883,341.97441482543945,
XV,MKVA,XV,TANS,595.0810344105271,Mspec,False,,0.993421052631579,152,1,0.0,inf,0,33,,,1345.246797323227,
XV,MKVA,XV,TANS,595.0810344105271,MspecBestK,False,,0.9442508710801394,287,5,0.0,inf,0,33,,,296.9443860054016,
XV,MKVA,XV,TANS,595.0810344105271,single-taper,False,,0.7235157159487776,1718,2,0.0,1.4310495950923037,0,33,3300.0,2.335844619398109e-10,394.9765889644623,
XV,MKVA,XV,VINA,684.4323695320859,FastMspec,False,,0.9354838709677419,248,21,0.0,3.5499606504888055,0,33,5400.0,0.0013090589314797528,652.2752821445465,
XV,MKVA,XV,VINA,684.4323695320859,Mspec,False,,0.9748427672955975,159,0,0.0,inf,0,33,,,2202.2690045833588,
XV,MKVA,XV,VINA,684.4323695320859,MspecBestK,False,,0.9426229508196722,244,28,0.0,3.514230470982174,0,33,,,649.1961913108826,
XV,MKVA,XV,VINA,684.4323695320859,single-taper,False,,0.7519083969465649,1834,9,0.0,2.344424480023514,0,33,5400.0,1.8507317071372272e-12,374.42400002479553,
XV,MKVA,XV,ZAKA,448.1585408826841,FastMspec,True,0.5500000000000012,0.6133333333333333,150,1321,0.7466666666666667,inf,23,33,4335.0,0.0013175685309656279,2401.358707666397,
XV,MKVA,XV,ZAKA,448.1585408826841,Mspec,False,,0.9624060150375939,133,0,0.0,,0,33,,,1761.8778822422028,
XV,MKVA,XV,ZAKA,448.1585408826841,MspecBestK,True,0.5500000000000012,0.618421052631579,152,1314,0.7466666666666667,inf,22,33,,,2119.289434671402,
XV,MKVA,XV,ZAKA,448.1585408826841,single-taper,False,,0.7857142857142857,1064,11,0.0,1.89625460111366,0,33,4335.0,1.1526848068034281e-10,152.29532647132874,
XV,MKVA,XV,ZOBE,537.8557188630119,FastMspec,False,,0.9086538461538461,208,20,0.0,inf,0,33,5580.0,0.0008847494092860413,643.1567647457123,
XV,MKVA,XV,ZOBE,537.8557188630119,Mspec,False,,0.9657534246575342,146,9,0.0,2.0864428157118526,0,33,,,2044.6760478019714,
XV,MKVA,XV,ZOBE,537.8557188630119,MspecBestK,False,,0.910377358490566,212,19,0.0,inf,0,33,,,1303.3896086215973,
XV,MKVA,XV,ZOBE,537.8557188630119,single-taper,False,,0.7640287769784173,1390,9,0.0,1.7039885155209196,0,33,5580.0,2.5390078219829428e-11,242.0157859325409,
XV,MMBE,XV,SOLA,870.4068559270529,FastMspec,False,,0.9755501222493888,409,16,0.0,12.278254267808968,0,33,1620.0,0.0026683986544279825,890.9389328956604,
XV,MMBE,XV,SOLA,870.4068559270529,Mspec,False,,0.9846153846153847,195,4,0.0,11.833467207199428,0,33,,,725.4400663375854,
XV,MMBE,XV,SOLA,870.4068559270529,MspecBestK,False,,0.9760191846522782,417,13,0.0,11.65486302970602,0,33,,,881.9963619709015,
XV,MMBE,XV,SOLA,870.4068559270529,single-taper,False,,0.6214132762312634,2335,2,0.0,1.1286422688411386,0,33,1620.0,2.5722470514536706e-12,515.4216032028198,
XV,MMBE,XV,TANS,537.5799129179496,FastMspec,False,,0.9555555555555556,405,15,0.0,6.287825802317084,0,33,3195.0,0.014003987952044035,392.08137488365173,
XV,MMBE,XV,TANS,537.5799129179496,Mspec,False,,0.9558823529411765,136,14,0.0,2.375391056546254,0,33,,,1417.0053341388702,
XV,MMBE,XV,TANS,537.5799129179496,MspecBestK,False,,0.9580246913580247,405,14,0.0,6.337158925241143,0,33,,,329.5997905731201,
XV,MMBE,XV,TANS,537.5799129179496,single-taper,False,,0.6043859649122807,2280,20,0.0,1.162057043110009,0,33,3195.0,5.624953694244616e-10,350.44329476356506,
XV,MMBE,XV,VATO,643.0297592543646,FastMspec,False,,0.9093406593406593,364,4,0.0,6.31362333150304,0,33,2505.0,0.003932841817766016,885.1534855365753,
XV,MMBE,XV,VATO,643.0297592543646,Mspec,False,,0.9891304347826086,184,12,0.0,1.3880714096840612,0,33,,,1104.3553774356842,
XV,MMBE,XV,VATO,643.0297592543646,MspecBestK,False,,0.904891304347826,368,5,0.0,inf,0,33,,,969.1308362483978,
XV,MMBE,XV,VATO,643.0297592543646,single-taper,False,,0.6223579145138562,2129,6,0.0,1.4913445163545782,0,33,2505.0,1.123765742717516e-12,338.6599225997925,
XV,MMBE,XV,VINA,441.9686046749355,FastMspec,False,,0.9530516431924883,426,2,0.0,5.855016954689266,0,33,5415.0,0.002736644376777311,548.0963208675385,
XV,MMBE,XV,VINA,441.9686046749355,Mspec,False,,0.9808917197452229,157,0,0.0,,0,33,,,2217.8327260017395,
XV,MMBE,XV,VINA,441.9686046749355,MspecBestK,False,,0.9553990610328639,426,6,0.0,inf,0,33,,,415.8162953853607,
XV,MMBE,XV,VINA,441.9686046749355,single-taper,False,,0.5808457711442786,2412,14,0.0,1.6250657968973385,0,33,5415.0,4.4327949930044065e-12,396.0937387943268,
XV,MMBE,XV,ZAKA,683.6841909473029,FastMspec,False,,0.966131907308378,561,2,0.0,3.1070594865788017,0,33,4425.0,0.02904837818353162,1180.637534379959,
XV,MMBE,XV,ZAKA,683.6841909473029,Mspec,False,,0.9965034965034965,286,9,0.0,inf,0,33,,,1815.877084493637,
XV,MMBE,XV,ZAKA,683.6841909473029,MspecBestK,False,,0.9676840215439856,557,9,0.0,15.089349201360678,0,33,,,1089.92560338974,
XV,MMBE,XV,ZAKA,683.6841909473029,single-taper,False,,0.5727680391357521,2453,23,0.0,1.4600121692410317,0,33,4425.0,3.766413720075222e-10,405.2503893375397,
XV,MMBE,XV,ZOBE,569.0839001475595,FastMspec,False,,0.9740518962075848,501,0,0.0,,0,33,5865.0,0.0072417631385059645,620.1375496387482,
XV,MMBE,XV,ZOBE,569.0839001475595,Mspec,False,,0.9890710382513661,183,4,0.0,2.242696709841985,0,33,,,2940.1042952537537,
XV,MMBE,XV,ZOBE,569.0839001475595,MspecBestK,False,,0.9752577319587629,485,17,0.0,2.7022912667684733,0,33,,,1236.0474140644073,
XV,MMBE,XV,ZOBE,569.0839001475595,single-taper,False,,0.5576923076923077,2444,13,0.0,1.5118921186271987,0,33,5865.0,5.5720819495454236e-11,1028.680138349533,
XV,SOLA,XV,TANS,365.5478233437077,FastMspec,False,,0.9191919191919192,198,0,0.0,,0,33,1350.0,7.097855457924192e-09,934.3602385520935,
XV,SOLA,XV,TANS,365.5478233437077,Mspec,False,,0.9810126582278481,158,17,0.0,7.226289230422044,0,33,,,1618.0937676429749,
XV,SOLA,XV,TANS,365.5478233437077,MspecBestK,False,,0.9292929292929293,198,0,0.0,,0,33,,,844.0614228248596,
XV,SOLA,XV,TANS,365.5478233437077,single-taper,False,,0.7346801346801347,1485,6,0.0,1.6116663249774037,0,33,1350.0,6.082442452120961e-13,202.0222041606903,
XV,SOLA,XV,VINA,461.2794338997562,FastMspec,False,,0.9354838709677419,248,15,0.0,6.580189073387631,0,33,1365.0,0.00019849085321159668,186.30699563026428,
XV,SOLA,XV,VINA,461.2794338997562,Mspec,False,,0.9345794392523364,107,31,0.0,2.1626582395547693,0,33,,,580.7485437393188,
XV,SOLA,XV,VINA,461.2794338997562,MspecBestK,False,,0.9395161290322581,248,17,0.0,7.400897299896974,0,33,,,136.7620186805725,
XV,SOLA,XV,VINA,461.2794338997562,single-taper,False,,0.6794995187680462,2078,21,0.0,1.9295161922550061,0,33,1365.0,1.6646065291453824e-12,591.2813811302185,
XV,SOLA,XV,ZAKA,224.69158353489712,FastMspec,True,0.6500000000000012,0.8342245989304813,187,293,0.35714285714285715,16.936338785464027,4,33,,,142.99727392196655,
XV,SOLA,XV,ZAKA,224.69158353489712,Mspec,True,0.20000000000000084,0.8,75,317,0.38333333333333336,18.57160000158259,7,33,,,276.16708517074585,
XV,SOLA,XV,ZAKA,224.69158353489712,MspecBestK,True,0.5500000000000012,0.8547486033519553,179,451,0.4142857142857143,inf,7,33,,,139.0632519721985,
XV,SOLA,XV,ZAKA,224.69158353489712,single-taper,False,,0.7077997671711292,1718,0,0.0,1.367479423018428,0,33,,,340.6821641921997,
XV,SOLA,XV,ZOBE,304.5411625007181,FastMspec,False,,0.9295774647887324,142,16,0.0,7.023747313607106,0,33,1620.0,0.0020205170882734353,897.1453938484192,
XV,SOLA,XV,ZOBE,304.5411625007181,Mspec,False,,0.989010989010989,91,0,0.0,,0,33,,,617.3329803943634,
XV,SOLA,XV,ZOBE,304.5411625007181,MspecBestK,False,,0.922077922077922,154,18,0.0,7.660896301852507,0,33,,,854.2100179195404,
XV,SOLA,XV,ZOBE,304.5411625007181,single-taper,False,,0.7769784172661871,1390,13,0.0,1.6427777543325797,0,33,1620.0,6.6713790205184e-11,607.1339137554169,
XV,TANS,XV,VINA,258.7050491015717,FastMspec,True,0.8000000000000014,0.8313253012048193,166,306,0.26582278481012656,11.375422390776185,4,33,3045.0,0.0035823877762928944,1032.5456800460815,
XV,TANS,XV,VINA,258.7050491015717,Mspec,False,,0.9411764705882353,85,8,0.0,2.3998420745642117,0,33,,,2540.5518691539764,
XV,TANS,XV,VINA,258.7050491015717,MspecBestK,True,0.350000000000001,0.85625,160,342,0.2911392405063291,19.482405688386773,4,33,,,1050.8258140087128,
XV,TANS,XV,VINA,258.7050491015717,single-taper,False,,0.7496757457846952,1542,10,0.0,1.311742666598155,0,33,3045.0,5.787765527307624e-10,97.05449414253235,
XV,TANS,XV,ZAKA,150.4443119874676,FastMspec,True,0.8000000000000014,0.7045454545454546,88,298,0.38666666666666666,16.664532273082994,19,33,2025.0,0.004226485438184245,934.4843516349792,
XV,TANS,XV,ZAKA,150.4443119874676,Mspec,True,0.8000000000000014,0.5,46,340,0.5074626865671642,inf,21,33,,,2048.0430188179016,
XV,TANS,XV,ZAKA,150.4443119874676,MspecBestK,True,0.8000000000000014,0.6818181818181818,88,298,0.38666666666666666,16.645022943967223,19,33,,,1030.8363196849823,
XV,TANS,XV,ZAKA,150.4443119874676,single-taper,False,,0.8471849865951743,1119,6,0.0,1.6158124660242663,0,33,2025.0,4.138761870325765e-10,266.56121373176575,
XV,TANS,XV,ZOBE,93.2197578231499,FastMspec,True,0.10000000000000075,0.9102564102564102,78,92,0.2,57.730575516337545,14,33,3225.0,0.002395518893680146,313.27326941490173,
XV,TANS,XV,ZOBE,93.2197578231499,Mspec,True,0.5500000000000012,0.625,24,181,0.5681818181818182,inf,22,33,,,1244.899851322174,
XV,TANS,XV,ZOBE,93.2197578231499,MspecBestK,False,,0.9875,80,6,0.0,inf,0,33,,,258.7568829059601,
XV,TANS,XV,ZOBE,93.2197578231499,single-taper,False,,0.8769230769230769,1040,4,0.0,1.5308148583008971,0,33,3225.0,1.831474373719507e-10,101.84683346748352,
XV,VINA,XV,ZAKA,340.1832678221557,FastMspec,True,0.7500000000000013,0.7272727272727273,132,482,0.31645569620253167,5.23034657113173,6,33,4350.0,0.0019238067476373489,595.8555347919464,
XV,VINA,XV,ZAKA,340.1832678221557,Mspec,False,,0.8857142857142857,70,17,0.0,10.556899244400338,0,33,,,1924.3689322471619,
XV,VINA,XV,ZAKA,340.1832678221557,MspecBestK,True,0.7500000000000013,0.7230769230769231,130,483,0.31645569620253167,5.230016682900667,6,33,,,532.8808233737946,
XV,VINA,XV,ZAKA,340.1832678221557,single-taper,False,,0.8311475409836065,1220,10,0.0,1.6010844055381768,0,33,4350.0,2.1671536548604795e-10,140.71107864379883,
XV,VINA,XV,ZOBE,211.80575140137591,FastMspec,True,0.5500000000000012,0.7745098039215687,102,393,0.5652173913043478,inf,7,33,5415.0,0.0005852612781992064,545.8694188594818,
XV,VINA,XV,ZOBE,211.80575140137591,Mspec,True,0.30000000000000093,0.75,56,352,0.34285714285714286,21.90122994955488,8,33,,,2450.198076248169,
XV,VINA,XV,ZOBE,211.80575140137591,MspecBestK,True,0.5500000000000012,0.7830188679245284,106,393,0.5652173913043478,inf,7,33,,,537.5266036987305,
XV,VINA,XV,ZOBE,211.80575140137591,single-taper,False,,0.8720821661998133,1071,6,0.0,1.7007843845851456,0,33,5415.0,3.8536926223922916e-11,72.88884949684143,
XV,ZAKA,XV,ZOBE,130.33107906025043,FastMspec,True,0.7500000000000013,0.8461538461538461,78,61,0.22666666666666666,inf,21,33,4425.0,0.001431007602671185,501.5221803188324,
XV,ZAKA,XV,ZOBE,130.33107906025043,Mspec,True,0.1500000000000008,0.7222222222222222,36,275,0.6056338028169014,inf,23,33,,,2002.702826499939,
XV,ZAKA,XV,ZOBE,130.33107906025043,MspecBestK,True,0.7500000000000013,0.85,80,61,0.22666666666666666,inf,20,33,,,425.5469515323639,
XV,ZAKA,XV,ZOBE,130.33107906025043,single-taper,False,,0.8939802336028752,1113,0,0.0,,0,33,4425.0,2.4584118831254155e-10,60.090044260025024,
